,0
grid0_cycle1_run0,0
grid0_cycle2_run0,0
grid0_cycle3_run0,30
grid0_cycle4_run0,12
grid0_cycle5_run0,5
grid0_cycle1_run1,0
grid0_cycle2_run1,22
grid0_cycle3_run1,54
grid0_cycle4_run1,22
grid0_cycle5_run1,45
grid0_cycle1_run2,7
grid0_cycle2_run2,51
grid0_cycle3_run2,69
grid0_cycle4_run2,76
grid0_cycle5_run2,88
grid0_cycle1_run3,5
grid0_cycle2_run3,26
grid0_cycle3_run3,45
grid0_cycle4_run3,44
grid0_cycle5_run3,47
grid0_cycle1_run4,50
grid0_cycle2_run4,45
grid0_cycle3_run4,67
grid0_cycle4_run4,63
grid0_cycle5_run4,54
grid0_cycle1_run5,7
grid0_cycle2_run5,48
grid0_cycle3_run5,37
grid0_cycle4_run5,71
grid0_cycle5_run5,75
grid0_cycle1_run6,4
grid0_cycle2_run6,38
grid0_cycle3_run6,50
grid0_cycle4_run6,65
grid0_cycle5_run6,54
grid0_cycle1_run7,0
grid0_cycle2_run7,36
grid0_cycle3_run7,45
grid0_cycle4_run7,42
grid0_cycle5_run7,78
grid0_cycle1_run8,0
grid0_cycle2_run8,0
grid0_cycle3_run8,28
grid0_cycle4_run8,37
grid0_cycle5_run8,17
grid0_cycle1_run9,0
grid0_cycle2_run9,20
grid0_cycle3_run9,48
grid0_cycle4_run9,61
grid0_cycle5_run9,78
grid1_cycle1_run0,73
grid1_cycle2_run0,78
grid1_cycle3_run0,83
grid1_cycle4_run0,87
grid1_cycle5_run0,86
grid1_cycle1_run1,46
grid1_cycle2_run1,77
grid1_cycle3_run1,88
grid1_cycle4_run1,88
grid1_cycle5_run1,92
grid1_cycle1_run2,25
grid1_cycle2_run2,46
grid1_cycle3_run2,54
grid1_cycle4_run2,63
grid1_cycle5_run2,85
grid1_cycle1_run3,65
grid1_cycle2_run3,51
grid1_cycle3_run3,59
grid1_cycle4_run3,59
grid1_cycle5_run3,78
grid1_cycle1_run4,30
grid1_cycle2_run4,40
grid1_cycle3_run4,42
grid1_cycle4_run4,69
grid1_cycle5_run4,73
grid1_cycle1_run5,46
grid1_cycle2_run5,61
grid1_cycle3_run5,85
grid1_cycle4_run5,76
grid1_cycle5_run5,81
grid1_cycle1_run6,64
grid1_cycle2_run6,45
grid1_cycle3_run6,79
grid1_cycle4_run6,82
grid1_cycle5_run6,80
grid1_cycle1_run7,36
grid1_cycle2_run7,72
grid1_cycle3_run7,82
grid1_cycle4_run7,85
grid1_cycle5_run7,83
grid1_cycle1_run8,15
grid1_cycle2_run8,48
grid1_cycle3_run8,77
grid1_cycle4_run8,74
grid1_cycle5_run8,87
grid1_cycle1_run9,45
grid1_cycle2_run9,77
grid1_cycle3_run9,66
grid1_cycle4_run9,86
grid1_cycle5_run9,87
grid2_cycle1_run0,67
grid2_cycle2_run0,77
grid2_cycle3_run0,85
grid2_cycle4_run0,78
grid2_cycle5_run0,88
grid2_cycle1_run1,87
grid2_cycle2_run1,85
grid2_cycle3_run1,86
grid2_cycle4_run1,90
grid2_cycle5_run1,90
grid2_cycle1_run2,71
grid2_cycle2_run2,83
grid2_cycle3_run2,87
grid2_cycle4_run2,86
grid2_cycle5_run2,94
grid2_cycle1_run3,70
grid2_cycle2_run3,81
grid2_cycle3_run3,86
grid2_cycle4_run3,89
grid2_cycle5_run3,89
grid2_cycle1_run4,31
grid2_cycle2_run4,85
grid2_cycle3_run4,89
grid2_cycle4_run4,89
grid2_cycle5_run4,89
grid2_cycle1_run5,84
grid2_cycle2_run5,82
grid2_cycle3_run5,89
grid2_cycle4_run5,90
grid2_cycle5_run5,88
grid2_cycle1_run6,68
grid2_cycle2_run6,90
grid2_cycle3_run6,88
grid2_cycle4_run6,89
grid2_cycle5_run6,92
grid2_cycle1_run7,87
grid2_cycle2_run7,87
grid2_cycle3_run7,88
grid2_cycle4_run7,90
grid2_cycle5_run7,89
grid2_cycle1_run8,82
grid2_cycle2_run8,77
grid2_cycle3_run8,89
grid2_cycle4_run8,91
grid2_cycle5_run8,86
grid2_cycle1_run9,85
grid2_cycle2_run9,86
grid2_cycle3_run9,92
grid2_cycle4_run9,92
grid2_cycle5_run9,93
grid3_cycle1_run0,74
grid3_cycle2_run0,89
grid3_cycle3_run0,92
grid3_cycle4_run0,90
grid3_cycle5_run0,95
grid3_cycle1_run1,89
grid3_cycle2_run1,89
grid3_cycle3_run1,91
grid3_cycle4_run1,88
grid3_cycle5_run1,93
grid3_cycle1_run2,74
grid3_cycle2_run2,87
grid3_cycle3_run2,88
grid3_cycle4_run2,90
grid3_cycle5_run2,92
grid3_cycle1_run3,72
grid3_cycle2_run3,87
grid3_cycle3_run3,85
grid3_cycle4_run3,88
grid3_cycle5_run3,95
grid3_cycle1_run4,86
grid3_cycle2_run4,87
grid3_cycle3_run4,92
grid3_cycle4_run4,93
grid3_cycle5_run4,93
grid3_cycle1_run5,71
grid3_cycle2_run5,91
grid3_cycle3_run5,90
grid3_cycle4_run5,92
grid3_cycle5_run5,94
grid3_cycle1_run6,72
grid3_cycle2_run6,91
grid3_cycle3_run6,94
grid3_cycle4_run6,93
grid3_cycle5_run6,94
grid3_cycle1_run7,86
grid3_cycle2_run7,90
grid3_cycle3_run7,91
grid3_cycle4_run7,91
grid3_cycle5_run7,92
grid3_cycle1_run8,88
grid3_cycle2_run8,88
grid3_cycle3_run8,90
grid3_cycle4_run8,89
grid3_cycle5_run8,96
grid3_cycle1_run9,74
grid3_cycle2_run9,90
grid3_cycle3_run9,88
grid3_cycle4_run9,90
grid3_cycle5_run9,95
grid4_cycle1_run0,85
grid4_cycle2_run0,95
grid4_cycle3_run0,96
grid4_cycle4_run0,95
grid4_cycle5_run0,92
grid4_cycle1_run1,93
grid4_cycle2_run1,92
grid4_cycle3_run1,92
grid4_cycle4_run1,93
grid4_cycle5_run1,92
grid4_cycle1_run2,91
grid4_cycle2_run2,90
grid4_cycle3_run2,95
grid4_cycle4_run2,96
grid4_cycle5_run2,95
grid4_cycle1_run3,93
grid4_cycle2_run3,90
grid4_cycle3_run3,92
grid4_cycle4_run3,94
grid4_cycle5_run3,91
grid4_cycle1_run4,91
grid4_cycle2_run4,89
grid4_cycle3_run4,91
grid4_cycle4_run4,94
grid4_cycle5_run4,93
grid4_cycle1_run5,87
grid4_cycle2_run5,97
grid4_cycle3_run5,90
grid4_cycle4_run5,91
grid4_cycle5_run5,92
grid4_cycle1_run6,95
grid4_cycle2_run6,96
grid4_cycle3_run6,94
grid4_cycle4_run6,98
grid4_cycle5_run6,98
grid4_cycle1_run7,88
grid4_cycle2_run7,88
grid4_cycle3_run7,89
grid4_cycle4_run7,90
grid4_cycle5_run7,90
grid4_cycle1_run8,76
grid4_cycle2_run8,93
grid4_cycle3_run8,92
grid4_cycle4_run8,92
grid4_cycle5_run8,94
grid4_cycle1_run9,85
grid4_cycle2_run9,90
grid4_cycle3_run9,90
grid4_cycle4_run9,93
grid4_cycle5_run9,96
grid5_cycle1_run0,87
grid5_cycle2_run0,89
grid5_cycle3_run0,92
grid5_cycle4_run0,89
grid5_cycle5_run0,92
grid5_cycle1_run1,83
grid5_cycle2_run1,91
grid5_cycle3_run1,86
grid5_cycle4_run1,88
grid5_cycle5_run1,94
grid5_cycle1_run2,89
grid5_cycle2_run2,93
grid5_cycle3_run2,90
grid5_cycle4_run2,94
grid5_cycle5_run2,93
grid5_cycle1_run3,88
grid5_cycle2_run3,95
grid5_cycle3_run3,93
grid5_cycle4_run3,92
grid5_cycle5_run3,93
grid5_cycle1_run4,84
grid5_cycle2_run4,89
grid5_cycle3_run4,91
grid5_cycle4_run4,93
grid5_cycle5_run4,91
grid5_cycle1_run5,89
grid5_cycle2_run5,93
grid5_cycle3_run5,89
grid5_cycle4_run5,92
grid5_cycle5_run5,89
grid5_cycle1_run6,86
grid5_cycle2_run6,92
grid5_cycle3_run6,94
grid5_cycle4_run6,94
grid5_cycle5_run6,92
grid5_cycle1_run7,88
grid5_cycle2_run7,87
grid5_cycle3_run7,90
grid5_cycle4_run7,90
grid5_cycle5_run7,89
grid5_cycle1_run8,88
grid5_cycle2_run8,91
grid5_cycle3_run8,95
grid5_cycle4_run8,95
grid5_cycle5_run8,93
grid5_cycle1_run9,89
grid5_cycle2_run9,84
grid5_cycle3_run9,89
grid5_cycle4_run9,87
grid5_cycle5_run9,94
grid6_cycle1_run0,84
grid6_cycle2_run0,87
grid6_cycle3_run0,88
grid6_cycle4_run0,86
grid6_cycle5_run0,86
grid6_cycle1_run1,83
grid6_cycle2_run1,81
grid6_cycle3_run1,80
grid6_cycle4_run1,85
grid6_cycle5_run1,89
grid6_cycle1_run2,85
grid6_cycle2_run2,92
grid6_cycle3_run2,89
grid6_cycle4_run2,88
grid6_cycle5_run2,89
grid6_cycle1_run3,81
grid6_cycle2_run3,90
grid6_cycle3_run3,92
grid6_cycle4_run3,86
grid6_cycle5_run3,87
grid6_cycle1_run4,85
grid6_cycle2_run4,84
grid6_cycle3_run4,92
grid6_cycle4_run4,91
grid6_cycle5_run4,93
grid6_cycle1_run5,78
grid6_cycle2_run5,84
grid6_cycle3_run5,81
grid6_cycle4_run5,85
grid6_cycle5_run5,89
grid6_cycle1_run6,67
grid6_cycle2_run6,79
grid6_cycle3_run6,84
grid6_cycle4_run6,89
grid6_cycle5_run6,85
grid6_cycle1_run7,79
grid6_cycle2_run7,80
grid6_cycle3_run7,84
grid6_cycle4_run7,87
grid6_cycle5_run7,92
grid6_cycle1_run8,83
grid6_cycle2_run8,85
grid6_cycle3_run8,86
grid6_cycle4_run8,93
grid6_cycle5_run8,89
grid6_cycle1_run9,77
grid6_cycle2_run9,84
grid6_cycle3_run9,90
grid6_cycle4_run9,81
grid6_cycle5_run9,83
grid7_cycle1_run0,74
grid7_cycle2_run0,88
grid7_cycle3_run0,87
grid7_cycle4_run0,88
grid7_cycle5_run0,88
grid7_cycle1_run1,79
grid7_cycle2_run1,73
grid7_cycle3_run1,83
grid7_cycle4_run1,79
grid7_cycle5_run1,85
grid7_cycle1_run2,70
grid7_cycle2_run2,82
grid7_cycle3_run2,77
grid7_cycle4_run2,68
grid7_cycle5_run2,72
grid7_cycle1_run3,74
grid7_cycle2_run3,88
grid7_cycle3_run3,84
grid7_cycle4_run3,87
grid7_cycle5_run3,89
grid7_cycle1_run4,64
grid7_cycle2_run4,89
grid7_cycle3_run4,89
grid7_cycle4_run4,85
grid7_cycle5_run4,87
grid7_cycle1_run5,75
grid7_cycle2_run5,81
grid7_cycle3_run5,85
grid7_cycle4_run5,86
grid7_cycle5_run5,88
grid7_cycle1_run6,74
grid7_cycle2_run6,59
grid7_cycle3_run6,66
grid7_cycle4_run6,69
grid7_cycle5_run6,71
grid7_cycle1_run7,49
grid7_cycle2_run7,72
grid7_cycle3_run7,63
grid7_cycle4_run7,78
grid7_cycle5_run7,63
grid7_cycle1_run8,66
grid7_cycle2_run8,66
grid7_cycle3_run8,60
grid7_cycle4_run8,77
grid7_cycle5_run8,70
grid7_cycle1_run9,77
grid7_cycle2_run9,79
grid7_cycle3_run9,79
grid7_cycle4_run9,84
grid7_cycle5_run9,83
grid8_cycle1_run0,15
grid8_cycle2_run0,26
grid8_cycle3_run0,34
grid8_cycle4_run0,75
grid8_cycle5_run0,55
grid8_cycle1_run1,24
grid8_cycle2_run1,42
grid8_cycle3_run1,39
grid8_cycle4_run1,37
grid8_cycle5_run1,73
grid8_cycle1_run2,0
grid8_cycle2_run2,0
grid8_cycle3_run2,6
grid8_cycle4_run2,20
grid8_cycle5_run2,33
grid8_cycle1_run3,40
grid8_cycle2_run3,76
grid8_cycle3_run3,72
grid8_cycle4_run3,78
grid8_cycle5_run3,74
grid8_cycle1_run4,53
grid8_cycle2_run4,85
grid8_cycle3_run4,74
grid8_cycle4_run4,87
grid8_cycle5_run4,84
grid8_cycle1_run5,15
grid8_cycle2_run5,46
grid8_cycle3_run5,55
grid8_cycle4_run5,74
grid8_cycle5_run5,61
grid8_cycle1_run6,36
grid8_cycle2_run6,67
grid8_cycle3_run6,79
grid8_cycle4_run6,70
grid8_cycle5_run6,92
grid8_cycle1_run7,34
grid8_cycle2_run7,54
grid8_cycle3_run7,48
grid8_cycle4_run7,78
grid8_cycle5_run7,77
grid8_cycle1_run8,35
grid8_cycle2_run8,57
grid8_cycle3_run8,48
grid8_cycle4_run8,50
grid8_cycle5_run8,48
grid8_cycle1_run9,48
grid8_cycle2_run9,50
grid8_cycle3_run9,56
grid8_cycle4_run9,55
grid8_cycle5_run9,58
grid9_cycle1_run0,0
grid9_cycle2_run0,45
grid9_cycle3_run0,65
grid9_cycle4_run0,86
grid9_cycle5_run0,91
grid9_cycle1_run1,1
grid9_cycle2_run1,28
grid9_cycle3_run1,66
grid9_cycle4_run1,85
grid9_cycle5_run1,95
grid9_cycle1_run2,0
grid9_cycle2_run2,58
grid9_cycle3_run2,83
grid9_cycle4_run2,82
grid9_cycle5_run2,96
grid9_cycle1_run3,0
grid9_cycle2_run3,46
grid9_cycle3_run3,81
grid9_cycle4_run3,87
grid9_cycle5_run3,92
grid9_cycle1_run4,6
grid9_cycle2_run4,66
grid9_cycle3_run4,62
grid9_cycle4_run4,93
grid9_cycle5_run4,91
grid9_cycle1_run5,0
grid9_cycle2_run5,56
grid9_cycle3_run5,82
grid9_cycle4_run5,87
grid9_cycle5_run5,91
grid9_cycle1_run6,2
grid9_cycle2_run6,67
grid9_cycle3_run6,80
grid9_cycle4_run6,88
grid9_cycle5_run6,86
grid9_cycle1_run7,3
grid9_cycle2_run7,28
grid9_cycle3_run7,65
grid9_cycle4_run7,70
grid9_cycle5_run7,88
grid9_cycle1_run8,42
grid9_cycle2_run8,54
grid9_cycle3_run8,67
grid9_cycle4_run8,94
grid9_cycle5_run8,91
grid9_cycle1_run9,0
grid9_cycle2_run9,1
grid9_cycle3_run9,61
grid9_cycle4_run9,88
grid9_cycle5_run9,94
grid10_cycle1_run0,78
grid10_cycle2_run0,85
grid10_cycle3_run0,89
grid10_cycle4_run0,95
grid10_cycle5_run0,93
grid10_cycle1_run1,46
grid10_cycle2_run1,73
grid10_cycle3_run1,91
grid10_cycle4_run1,94
grid10_cycle5_run1,88
grid10_cycle1_run2,60
grid10_cycle2_run2,83
grid10_cycle3_run2,90
grid10_cycle4_run2,94
grid10_cycle5_run2,95
grid10_cycle1_run3,32
grid10_cycle2_run3,71
grid10_cycle3_run3,90
grid10_cycle4_run3,93
grid10_cycle5_run3,93
grid10_cycle1_run4,43
grid10_cycle2_run4,88
grid10_cycle3_run4,91
grid10_cycle4_run4,97
grid10_cycle5_run4,95
grid10_cycle1_run5,40
grid10_cycle2_run5,79
grid10_cycle3_run5,80
grid10_cycle4_run5,93
grid10_cycle5_run5,93
grid10_cycle1_run6,71
grid10_cycle2_run6,72
grid10_cycle3_run6,83
grid10_cycle4_run6,91
grid10_cycle5_run6,93
grid10_cycle1_run7,71
grid10_cycle2_run7,80
grid10_cycle3_run7,89
grid10_cycle4_run7,93
grid10_cycle5_run7,95
grid10_cycle1_run8,28
grid10_cycle2_run8,70
grid10_cycle3_run8,90
grid10_cycle4_run8,89
grid10_cycle5_run8,92
grid10_cycle1_run9,84
grid10_cycle2_run9,85
grid10_cycle3_run9,86
grid10_cycle4_run9,93
grid10_cycle5_run9,96
grid11_cycle1_run0,87
grid11_cycle2_run0,89
grid11_cycle3_run0,93
grid11_cycle4_run0,92
grid11_cycle5_run0,96
grid11_cycle1_run1,81
grid11_cycle2_run1,86
grid11_cycle3_run1,91
grid11_cycle4_run1,92
grid11_cycle5_run1,94
grid11_cycle1_run2,74
grid11_cycle2_run2,88
grid11_cycle3_run2,93
grid11_cycle4_run2,97
grid11_cycle5_run2,97
grid11_cycle1_run3,81
grid11_cycle2_run3,84
grid11_cycle3_run3,94
grid11_cycle4_run3,94
grid11_cycle5_run3,94
grid11_cycle1_run4,83
grid11_cycle2_run4,90
grid11_cycle3_run4,95
grid11_cycle4_run4,96
grid11_cycle5_run4,93
grid11_cycle1_run5,90
grid11_cycle2_run5,82
grid11_cycle3_run5,94
grid11_cycle4_run5,92
grid11_cycle5_run5,94
grid11_cycle1_run6,50
grid11_cycle2_run6,89
grid11_cycle3_run6,89
grid11_cycle4_run6,96
grid11_cycle5_run6,93
grid11_cycle1_run7,66
grid11_cycle2_run7,84
grid11_cycle3_run7,87
grid11_cycle4_run7,92
grid11_cycle5_run7,96
grid11_cycle1_run8,63
grid11_cycle2_run8,86
grid11_cycle3_run8,91
grid11_cycle4_run8,93
grid11_cycle5_run8,94
grid11_cycle1_run9,66
grid11_cycle2_run9,85
grid11_cycle3_run9,94
grid11_cycle4_run9,96
grid11_cycle5_run9,93
grid12_cycle1_run0,30
grid12_cycle2_run0,3
grid12_cycle3_run0,50
grid12_cycle4_run0,75
grid12_cycle5_run0,84
grid12_cycle1_run1,0
grid12_cycle2_run1,61
grid12_cycle3_run1,32
grid12_cycle4_run1,35
grid12_cycle5_run1,88
grid12_cycle1_run2,0
grid12_cycle2_run2,0
grid12_cycle3_run2,9
grid12_cycle4_run2,35
grid12_cycle5_run2,95
grid12_cycle1_run3,9
grid12_cycle2_run3,9
grid12_cycle3_run3,25
grid12_cycle4_run3,29
grid12_cycle5_run3,86
grid12_cycle1_run4,2
grid12_cycle2_run4,21
grid12_cycle3_run4,45
grid12_cycle4_run4,52
grid12_cycle5_run4,90
grid12_cycle1_run5,0
grid12_cycle2_run5,11
grid12_cycle3_run5,5
grid12_cycle4_run5,15
grid12_cycle5_run5,87
grid12_cycle1_run6,54
grid12_cycle2_run6,36
grid12_cycle3_run6,40
grid12_cycle4_run6,43
grid12_cycle5_run6,90
grid12_cycle1_run7,4
grid12_cycle2_run7,32
grid12_cycle3_run7,44
grid12_cycle4_run7,63
grid12_cycle5_run7,86
grid12_cycle1_run8,0
grid12_cycle2_run8,42
grid12_cycle3_run8,46
grid12_cycle4_run8,46
grid12_cycle5_run8,88
grid12_cycle1_run9,0
grid12_cycle2_run9,15
grid12_cycle3_run9,28
grid12_cycle4_run9,38
grid12_cycle5_run9,91
