,0
grid0_cycle1_run0,2
grid0_cycle2_run0,0
grid0_cycle3_run0,5
grid0_cycle4_run0,23
grid0_cycle5_run0,15
grid0_cycle1_run1,14
grid0_cycle2_run1,26
grid0_cycle3_run1,59
grid0_cycle4_run1,46
grid0_cycle5_run1,33
grid0_cycle1_run2,0
grid0_cycle2_run2,15
grid0_cycle3_run2,36
grid0_cycle4_run2,31
grid0_cycle5_run2,26
grid0_cycle1_run3,5
grid0_cycle2_run3,0
grid0_cycle3_run3,21
grid0_cycle4_run3,18
grid0_cycle5_run3,48
grid0_cycle1_run4,0
grid0_cycle2_run4,16
grid0_cycle3_run4,40
grid0_cycle4_run4,43
grid0_cycle5_run4,46
grid0_cycle1_run5,7
grid0_cycle2_run5,36
grid0_cycle3_run5,55
grid0_cycle4_run5,56
grid0_cycle5_run5,40
grid0_cycle1_run6,19
grid0_cycle2_run6,49
grid0_cycle3_run6,37
grid0_cycle4_run6,36
grid0_cycle5_run6,36
grid0_cycle1_run7,34
grid0_cycle2_run7,21
grid0_cycle3_run7,35
grid0_cycle4_run7,26
grid0_cycle5_run7,32
grid0_cycle1_run8,10
grid0_cycle2_run8,11
grid0_cycle3_run8,43
grid0_cycle4_run8,42
grid0_cycle5_run8,58
grid0_cycle1_run9,1
grid0_cycle2_run9,39
grid0_cycle3_run9,50
grid0_cycle4_run9,70
grid0_cycle5_run9,39
grid1_cycle1_run0,0
grid1_cycle2_run0,62
grid1_cycle3_run0,56
grid1_cycle4_run0,63
grid1_cycle5_run0,64
grid1_cycle1_run1,32
grid1_cycle2_run1,51
grid1_cycle3_run1,50
grid1_cycle4_run1,55
grid1_cycle5_run1,54
grid1_cycle1_run2,6
grid1_cycle2_run2,33
grid1_cycle3_run2,60
grid1_cycle4_run2,60
grid1_cycle5_run2,60
grid1_cycle1_run3,38
grid1_cycle2_run3,48
grid1_cycle3_run3,43
grid1_cycle4_run3,39
grid1_cycle5_run3,46
grid1_cycle1_run4,32
grid1_cycle2_run4,16
grid1_cycle3_run4,64
grid1_cycle4_run4,25
grid1_cycle5_run4,55
grid1_cycle1_run5,26
grid1_cycle2_run5,43
grid1_cycle3_run5,49
grid1_cycle4_run5,56
grid1_cycle5_run5,51
grid1_cycle1_run6,42
grid1_cycle2_run6,51
grid1_cycle3_run6,67
grid1_cycle4_run6,64
grid1_cycle5_run6,73
grid1_cycle1_run7,51
grid1_cycle2_run7,60
grid1_cycle3_run7,68
grid1_cycle4_run7,68
grid1_cycle5_run7,75
grid1_cycle1_run8,46
grid1_cycle2_run8,63
grid1_cycle3_run8,52
grid1_cycle4_run8,57
grid1_cycle5_run8,62
grid1_cycle1_run9,36
grid1_cycle2_run9,34
grid1_cycle3_run9,0
grid1_cycle4_run9,55
grid1_cycle5_run9,47
grid2_cycle1_run0,61
grid2_cycle2_run0,54
grid2_cycle3_run0,62
grid2_cycle4_run0,65
grid2_cycle5_run0,62
grid2_cycle1_run1,0
grid2_cycle2_run1,41
grid2_cycle3_run1,58
grid2_cycle4_run1,76
grid2_cycle5_run1,65
grid2_cycle1_run2,69
grid2_cycle2_run2,58
grid2_cycle3_run2,77
grid2_cycle4_run2,78
grid2_cycle5_run2,84
grid2_cycle1_run3,58
grid2_cycle2_run3,64
grid2_cycle3_run3,71
grid2_cycle4_run3,67
grid2_cycle5_run3,75
grid2_cycle1_run4,77
grid2_cycle2_run4,47
grid2_cycle3_run4,58
grid2_cycle4_run4,73
grid2_cycle5_run4,67
grid2_cycle1_run5,57
grid2_cycle2_run5,71
grid2_cycle3_run5,62
grid2_cycle4_run5,72
grid2_cycle5_run5,75
grid2_cycle1_run6,47
grid2_cycle2_run6,58
grid2_cycle3_run6,69
grid2_cycle4_run6,80
grid2_cycle5_run6,77
grid2_cycle1_run7,42
grid2_cycle2_run7,65
grid2_cycle3_run7,78
grid2_cycle4_run7,72
grid2_cycle5_run7,74
grid2_cycle1_run8,47
grid2_cycle2_run8,60
grid2_cycle3_run8,65
grid2_cycle4_run8,73
grid2_cycle5_run8,77
grid2_cycle1_run9,61
grid2_cycle2_run9,65
grid2_cycle3_run9,73
grid2_cycle4_run9,79
grid2_cycle5_run9,79
grid3_cycle1_run0,63
grid3_cycle2_run0,84
grid3_cycle3_run0,82
grid3_cycle4_run0,85
grid3_cycle5_run0,84
grid3_cycle1_run1,66
grid3_cycle2_run1,77
grid3_cycle3_run1,77
grid3_cycle4_run1,79
grid3_cycle5_run1,82
grid3_cycle1_run2,56
grid3_cycle2_run2,72
grid3_cycle3_run2,75
grid3_cycle4_run2,84
grid3_cycle5_run2,86
grid3_cycle1_run3,67
grid3_cycle2_run3,77
grid3_cycle3_run3,78
grid3_cycle4_run3,83
grid3_cycle5_run3,86
grid3_cycle1_run4,56
grid3_cycle2_run4,76
grid3_cycle3_run4,80
grid3_cycle4_run4,89
grid3_cycle5_run4,82
grid3_cycle1_run5,65
grid3_cycle2_run5,73
grid3_cycle3_run5,86
grid3_cycle4_run5,74
grid3_cycle5_run5,89
grid3_cycle1_run6,73
grid3_cycle2_run6,73
grid3_cycle3_run6,80
grid3_cycle4_run6,86
grid3_cycle5_run6,84
grid3_cycle1_run7,48
grid3_cycle2_run7,82
grid3_cycle3_run7,82
grid3_cycle4_run7,74
grid3_cycle5_run7,87
grid3_cycle1_run8,67
grid3_cycle2_run8,77
grid3_cycle3_run8,81
grid3_cycle4_run8,86
grid3_cycle5_run8,83
grid3_cycle1_run9,66
grid3_cycle2_run9,74
grid3_cycle3_run9,74
grid3_cycle4_run9,73
grid3_cycle5_run9,79
grid4_cycle1_run0,80
grid4_cycle2_run0,85
grid4_cycle3_run0,88
grid4_cycle4_run0,82
grid4_cycle5_run0,84
grid4_cycle1_run1,75
grid4_cycle2_run1,76
grid4_cycle3_run1,82
grid4_cycle4_run1,85
grid4_cycle5_run1,86
grid4_cycle1_run2,80
grid4_cycle2_run2,82
grid4_cycle3_run2,89
grid4_cycle4_run2,83
grid4_cycle5_run2,89
grid4_cycle1_run3,65
grid4_cycle2_run3,81
grid4_cycle3_run3,89
grid4_cycle4_run3,80
grid4_cycle5_run3,81
grid4_cycle1_run4,82
grid4_cycle2_run4,87
grid4_cycle3_run4,90
grid4_cycle4_run4,70
grid4_cycle5_run4,86
grid4_cycle1_run5,81
grid4_cycle2_run5,83
grid4_cycle3_run5,84
grid4_cycle4_run5,87
grid4_cycle5_run5,88
grid4_cycle1_run6,85
grid4_cycle2_run6,80
grid4_cycle3_run6,80
grid4_cycle4_run6,89
grid4_cycle5_run6,75
grid4_cycle1_run7,62
grid4_cycle2_run7,88
grid4_cycle3_run7,82
grid4_cycle4_run7,79
grid4_cycle5_run7,91
grid4_cycle1_run8,83
grid4_cycle2_run8,68
grid4_cycle3_run8,81
grid4_cycle4_run8,95
grid4_cycle5_run8,92
grid4_cycle1_run9,70
grid4_cycle2_run9,75
grid4_cycle3_run9,80
grid4_cycle4_run9,82
grid4_cycle5_run9,86
grid5_cycle1_run0,80
grid5_cycle2_run0,87
grid5_cycle3_run0,85
grid5_cycle4_run0,88
grid5_cycle5_run0,88
grid5_cycle1_run1,82
grid5_cycle2_run1,86
grid5_cycle3_run1,77
grid5_cycle4_run1,84
grid5_cycle5_run1,79
grid5_cycle1_run2,86
grid5_cycle2_run2,84
grid5_cycle3_run2,85
grid5_cycle4_run2,86
grid5_cycle5_run2,85
grid5_cycle1_run3,72
grid5_cycle2_run3,83
grid5_cycle3_run3,84
grid5_cycle4_run3,80
grid5_cycle5_run3,78
grid5_cycle1_run4,90
grid5_cycle2_run4,84
grid5_cycle3_run4,87
grid5_cycle4_run4,77
grid5_cycle5_run4,83
grid5_cycle1_run5,85
grid5_cycle2_run5,79
grid5_cycle3_run5,83
grid5_cycle4_run5,87
grid5_cycle5_run5,77
grid5_cycle1_run6,84
grid5_cycle2_run6,83
grid5_cycle3_run6,82
grid5_cycle4_run6,84
grid5_cycle5_run6,89
grid5_cycle1_run7,81
grid5_cycle2_run7,76
grid5_cycle3_run7,80
grid5_cycle4_run7,78
grid5_cycle5_run7,80
grid5_cycle1_run8,77
grid5_cycle2_run8,83
grid5_cycle3_run8,81
grid5_cycle4_run8,84
grid5_cycle5_run8,72
grid5_cycle1_run9,89
grid5_cycle2_run9,83
grid5_cycle3_run9,86
grid5_cycle4_run9,86
grid5_cycle5_run9,87
grid6_cycle1_run0,53
grid6_cycle2_run0,63
grid6_cycle3_run0,84
grid6_cycle4_run0,65
grid6_cycle5_run0,67
grid6_cycle1_run1,64
grid6_cycle2_run1,64
grid6_cycle3_run1,73
grid6_cycle4_run1,74
grid6_cycle5_run1,71
grid6_cycle1_run2,61
grid6_cycle2_run2,71
grid6_cycle3_run2,64
grid6_cycle4_run2,56
grid6_cycle5_run2,80
grid6_cycle1_run3,50
grid6_cycle2_run3,67
grid6_cycle3_run3,72
grid6_cycle4_run3,74
grid6_cycle5_run3,64
grid6_cycle1_run4,71
grid6_cycle2_run4,75
grid6_cycle3_run4,72
grid6_cycle4_run4,78
grid6_cycle5_run4,83
grid6_cycle1_run5,73
grid6_cycle2_run5,73
grid6_cycle3_run5,73
grid6_cycle4_run5,67
grid6_cycle5_run5,65
grid6_cycle1_run6,56
grid6_cycle2_run6,71
grid6_cycle3_run6,66
grid6_cycle4_run6,67
grid6_cycle5_run6,77
grid6_cycle1_run7,53
grid6_cycle2_run7,54
grid6_cycle3_run7,68
grid6_cycle4_run7,68
grid6_cycle5_run7,68
grid6_cycle1_run8,75
grid6_cycle2_run8,79
grid6_cycle3_run8,73
grid6_cycle4_run8,78
grid6_cycle5_run8,83
grid6_cycle1_run9,55
grid6_cycle2_run9,66
grid6_cycle3_run9,52
grid6_cycle4_run9,55
grid6_cycle5_run9,63
grid7_cycle1_run0,46
grid7_cycle2_run0,61
grid7_cycle3_run0,59
grid7_cycle4_run0,51
grid7_cycle5_run0,54
grid7_cycle1_run1,67
grid7_cycle2_run1,64
grid7_cycle3_run1,71
grid7_cycle4_run1,61
grid7_cycle5_run1,48
grid7_cycle1_run2,42
grid7_cycle2_run2,56
grid7_cycle3_run2,47
grid7_cycle4_run2,58
grid7_cycle5_run2,53
grid7_cycle1_run3,46
grid7_cycle2_run3,35
grid7_cycle3_run3,42
grid7_cycle4_run3,52
grid7_cycle5_run3,46
grid7_cycle1_run4,55
grid7_cycle2_run4,38
grid7_cycle3_run4,53
grid7_cycle4_run4,58
grid7_cycle5_run4,48
grid7_cycle1_run5,43
grid7_cycle2_run5,77
grid7_cycle3_run5,80
grid7_cycle4_run5,69
grid7_cycle5_run5,58
grid7_cycle1_run6,63
grid7_cycle2_run6,69
grid7_cycle3_run6,68
grid7_cycle4_run6,74
grid7_cycle5_run6,56
grid7_cycle1_run7,62
grid7_cycle2_run7,71
grid7_cycle3_run7,70
grid7_cycle4_run7,62
grid7_cycle5_run7,42
grid7_cycle1_run8,52
grid7_cycle2_run8,56
grid7_cycle3_run8,55
grid7_cycle4_run8,53
grid7_cycle5_run8,43
grid7_cycle1_run9,66
grid7_cycle2_run9,56
grid7_cycle3_run9,56
grid7_cycle4_run9,54
grid7_cycle5_run9,14
grid8_cycle1_run0,67
grid8_cycle2_run0,40
grid8_cycle3_run0,54
grid8_cycle4_run0,52
grid8_cycle5_run0,57
grid8_cycle1_run1,46
grid8_cycle2_run1,47
grid8_cycle3_run1,44
grid8_cycle4_run1,47
grid8_cycle5_run1,43
grid8_cycle1_run2,41
grid8_cycle2_run2,35
grid8_cycle3_run2,57
grid8_cycle4_run2,50
grid8_cycle5_run2,49
grid8_cycle1_run3,54
grid8_cycle2_run3,61
grid8_cycle3_run3,60
grid8_cycle4_run3,67
grid8_cycle5_run3,65
grid8_cycle1_run4,52
grid8_cycle2_run4,54
grid8_cycle3_run4,52
grid8_cycle4_run4,53
grid8_cycle5_run4,62
grid8_cycle1_run5,51
grid8_cycle2_run5,32
grid8_cycle3_run5,55
grid8_cycle4_run5,36
grid8_cycle5_run5,56
grid8_cycle1_run6,33
grid8_cycle2_run6,45
grid8_cycle3_run6,56
grid8_cycle4_run6,72
grid8_cycle5_run6,72
grid8_cycle1_run7,32
grid8_cycle2_run7,37
grid8_cycle3_run7,54
grid8_cycle4_run7,55
grid8_cycle5_run7,52
grid8_cycle1_run8,40
grid8_cycle2_run8,58
grid8_cycle3_run8,60
grid8_cycle4_run8,62
grid8_cycle5_run8,43
grid8_cycle1_run9,41
grid8_cycle2_run9,39
grid8_cycle3_run9,36
grid8_cycle4_run9,52
grid8_cycle5_run9,49
grid9_cycle1_run0,36
grid9_cycle2_run0,36
grid9_cycle3_run0,61
grid9_cycle4_run0,50
grid9_cycle5_run0,73
grid9_cycle1_run1,11
grid9_cycle2_run1,45
grid9_cycle3_run1,55
grid9_cycle4_run1,59
grid9_cycle5_run1,81
grid9_cycle1_run2,23
grid9_cycle2_run2,43
grid9_cycle3_run2,59
grid9_cycle4_run2,72
grid9_cycle5_run2,87
grid9_cycle1_run3,30
grid9_cycle2_run3,43
grid9_cycle3_run3,55
grid9_cycle4_run3,64
grid9_cycle5_run3,85
grid9_cycle1_run4,19
grid9_cycle2_run4,19
grid9_cycle3_run4,80
grid9_cycle4_run4,74
grid9_cycle5_run4,83
grid9_cycle1_run5,36
grid9_cycle2_run5,44
grid9_cycle3_run5,0
grid9_cycle4_run5,77
grid9_cycle5_run5,64
grid9_cycle1_run6,1
grid9_cycle2_run6,55
grid9_cycle3_run6,57
grid9_cycle4_run6,73
grid9_cycle5_run6,85
grid9_cycle1_run7,14
grid9_cycle2_run7,37
grid9_cycle3_run7,44
grid9_cycle4_run7,73
grid9_cycle5_run7,86
grid9_cycle1_run8,0
grid9_cycle2_run8,51
grid9_cycle3_run8,71
grid9_cycle4_run8,78
grid9_cycle5_run8,82
grid9_cycle1_run9,8
grid9_cycle2_run9,14
grid9_cycle3_run9,61
grid9_cycle4_run9,60
grid9_cycle5_run9,75
grid10_cycle1_run0,53
grid10_cycle2_run0,65
grid10_cycle3_run0,69
grid10_cycle4_run0,85
grid10_cycle5_run0,77
grid10_cycle1_run1,49
grid10_cycle2_run1,56
grid10_cycle3_run1,72
grid10_cycle4_run1,80
grid10_cycle5_run1,86
grid10_cycle1_run2,61
grid10_cycle2_run2,73
grid10_cycle3_run2,73
grid10_cycle4_run2,76
grid10_cycle5_run2,87
grid10_cycle1_run3,50
grid10_cycle2_run3,74
grid10_cycle3_run3,69
grid10_cycle4_run3,80
grid10_cycle5_run3,81
grid10_cycle1_run4,19
grid10_cycle2_run4,59
grid10_cycle3_run4,82
grid10_cycle4_run4,84
grid10_cycle5_run4,85
grid10_cycle1_run5,51
grid10_cycle2_run5,36
grid10_cycle3_run5,67
grid10_cycle4_run5,84
grid10_cycle5_run5,87
grid10_cycle1_run6,44
grid10_cycle2_run6,57
grid10_cycle3_run6,66
grid10_cycle4_run6,74
grid10_cycle5_run6,73
grid10_cycle1_run7,17
grid10_cycle2_run7,50
grid10_cycle3_run7,86
grid10_cycle4_run7,87
grid10_cycle5_run7,79
grid10_cycle1_run8,29
grid10_cycle2_run8,54
grid10_cycle3_run8,66
grid10_cycle4_run8,89
grid10_cycle5_run8,89
grid10_cycle1_run9,26
grid10_cycle2_run9,47
grid10_cycle3_run9,67
grid10_cycle4_run9,86
grid10_cycle5_run9,88
grid11_cycle1_run0,18
grid11_cycle2_run0,68
grid11_cycle3_run0,84
grid11_cycle4_run0,85
grid11_cycle5_run0,86
grid11_cycle1_run1,38
grid11_cycle2_run1,79
grid11_cycle3_run1,83
grid11_cycle4_run1,86
grid11_cycle5_run1,87
grid11_cycle1_run2,41
grid11_cycle2_run2,77
grid11_cycle3_run2,78
grid11_cycle4_run2,81
grid11_cycle5_run2,87
grid11_cycle1_run3,48
grid11_cycle2_run3,64
grid11_cycle3_run3,71
grid11_cycle4_run3,81
grid11_cycle5_run3,85
grid11_cycle1_run4,42
grid11_cycle2_run4,66
grid11_cycle3_run4,88
grid11_cycle4_run4,83
grid11_cycle5_run4,89
grid11_cycle1_run5,40
grid11_cycle2_run5,75
grid11_cycle3_run5,71
grid11_cycle4_run5,85
grid11_cycle5_run5,85
grid11_cycle1_run6,39
grid11_cycle2_run6,75
grid11_cycle3_run6,85
grid11_cycle4_run6,83
grid11_cycle5_run6,82
grid11_cycle1_run7,68
grid11_cycle2_run7,71
grid11_cycle3_run7,80
grid11_cycle4_run7,86
grid11_cycle5_run7,79
grid11_cycle1_run8,51
grid11_cycle2_run8,75
grid11_cycle3_run8,77
grid11_cycle4_run8,79
grid11_cycle5_run8,79
grid11_cycle1_run9,48
grid11_cycle2_run9,77
grid11_cycle3_run9,70
grid11_cycle4_run9,79
grid11_cycle5_run9,81
grid12_cycle1_run0,0
grid12_cycle2_run0,18
grid12_cycle3_run0,45
grid12_cycle4_run0,17
grid12_cycle5_run0,68
grid12_cycle1_run1,6
grid12_cycle2_run1,26
grid12_cycle3_run1,8
grid12_cycle4_run1,10
grid12_cycle5_run1,74
grid12_cycle1_run2,6
grid12_cycle2_run2,10
grid12_cycle3_run2,27
grid12_cycle4_run2,42
grid12_cycle5_run2,62
grid12_cycle1_run3,0
grid12_cycle2_run3,37
grid12_cycle3_run3,33
grid12_cycle4_run3,56
grid12_cycle5_run3,83
grid12_cycle1_run4,2
grid12_cycle2_run4,22
grid12_cycle3_run4,33
grid12_cycle4_run4,33
grid12_cycle5_run4,72
grid12_cycle1_run5,44
grid12_cycle2_run5,60
grid12_cycle3_run5,12
grid12_cycle4_run5,29
grid12_cycle5_run5,64
grid12_cycle1_run6,27
grid12_cycle2_run6,0
grid12_cycle3_run6,47
grid12_cycle4_run6,29
grid12_cycle5_run6,68
grid12_cycle1_run7,0
grid12_cycle2_run7,33
grid12_cycle3_run7,42
grid12_cycle4_run7,33
grid12_cycle5_run7,64
grid12_cycle1_run8,40
grid12_cycle2_run8,36
grid12_cycle3_run8,49
grid12_cycle4_run8,41
grid12_cycle5_run8,75
grid12_cycle1_run9,43
grid12_cycle2_run9,29
grid12_cycle3_run9,45
grid12_cycle4_run9,43
grid12_cycle5_run9,70
