,0
grid0_cycle1_run0,260647
grid0_cycle2_run0,184758
grid0_cycle3_run0,214602
grid0_cycle4_run0,256374
grid0_cycle5_run0,256374
grid0_cycle1_run1,279930
grid0_cycle2_run1,279930
grid0_cycle3_run1,279930
grid0_cycle4_run1,279930
grid0_cycle5_run1,279930
grid0_cycle1_run2,207780
grid0_cycle2_run2,207780
grid0_cycle3_run2,207780
grid0_cycle4_run2,270600
grid0_cycle5_run2,279066
grid0_cycle1_run3,270426
grid0_cycle2_run3,270426
grid0_cycle3_run3,270426
grid0_cycle4_run3,271284
grid0_cycle5_run3,263940
grid0_cycle1_run4,255294
grid0_cycle2_run4,255294
grid0_cycle3_run4,255294
grid0_cycle4_run4,255294
grid0_cycle5_run4,255294
grid0_cycle1_run5,264108
grid0_cycle2_run5,263904
grid0_cycle3_run5,254862
grid0_cycle4_run5,254862
grid0_cycle5_run5,254862
grid0_cycle1_run6,263082
grid0_cycle2_run6,263082
grid0_cycle3_run6,263082
grid0_cycle4_run6,263082
grid0_cycle5_run6,263082
grid0_cycle1_run7,277944
grid0_cycle2_run7,277944
grid0_cycle3_run7,277944
grid0_cycle4_run7,277944
grid0_cycle5_run7,277944
grid0_cycle1_run8,277098
grid0_cycle2_run8,277098
grid0_cycle3_run8,277098
grid0_cycle4_run8,262848
grid0_cycle5_run8,271278
grid0_cycle1_run9,215124
grid0_cycle2_run9,215124
grid0_cycle3_run9,253968
grid0_cycle4_run9,270600
grid0_cycle5_run9,270600
grid1_cycle1_run0,279708
grid1_cycle2_run0,279708
grid1_cycle3_run0,279708
grid1_cycle4_run0,279708
grid1_cycle5_run0,279708
grid1_cycle1_run1,262212
grid1_cycle2_run1,254652
grid1_cycle3_run1,271506
grid1_cycle4_run1,271506
grid1_cycle5_run1,271506
grid1_cycle1_run2,255090
grid1_cycle2_run2,255090
grid1_cycle3_run2,255090
grid1_cycle4_run2,255090
grid1_cycle5_run2,255738
grid1_cycle1_run3,279486
grid1_cycle2_run3,279486
grid1_cycle3_run3,279486
grid1_cycle4_run3,279486
grid1_cycle5_run3,263730
grid1_cycle1_run4,270840
grid1_cycle2_run4,270840
grid1_cycle3_run4,255732
grid1_cycle4_run4,270420
grid1_cycle5_run4,270420
grid1_cycle1_run5,255300
grid1_cycle2_run5,255300
grid1_cycle3_run5,255300
grid1_cycle4_run5,255300
grid1_cycle5_run5,255300
grid1_cycle1_run6,254178
grid1_cycle2_run6,278406
grid1_cycle3_run6,256170
grid1_cycle4_run6,256170
grid1_cycle5_run6,256170
grid1_cycle1_run7,264366
grid1_cycle2_run7,271932
grid1_cycle3_run7,271932
grid1_cycle4_run7,271932
grid1_cycle5_run7,271932
grid1_cycle1_run8,278628
grid1_cycle2_run8,272154
grid1_cycle3_run8,272154
grid1_cycle4_run8,272154
grid1_cycle5_run8,272154
grid1_cycle1_run9,263250
grid1_cycle2_run9,279486
grid1_cycle3_run9,279486
grid1_cycle4_run9,279066
grid1_cycle5_run9,279066
grid2_cycle1_run0,277518
grid2_cycle2_run0,255294
grid2_cycle3_run0,271500
grid2_cycle4_run0,271290
grid2_cycle5_run0,271290
grid2_cycle1_run1,278844
grid2_cycle2_run1,256386
grid2_cycle3_run1,256386
grid2_cycle4_run1,256386
grid2_cycle5_run1,256386
grid2_cycle1_run2,272154
grid2_cycle2_run2,255738
grid2_cycle3_run2,255738
grid2_cycle4_run2,255738
grid2_cycle5_run2,255738
grid2_cycle1_run3,263292
grid2_cycle2_run3,263292
grid2_cycle3_run3,263292
grid2_cycle4_run3,263292
grid2_cycle5_run3,263292
grid2_cycle1_run4,277764
grid2_cycle2_run4,272154
grid2_cycle3_run4,272154
grid2_cycle4_run4,272154
grid2_cycle5_run4,272154
grid2_cycle1_run5,255936
grid2_cycle2_run5,262866
grid2_cycle3_run5,262866
grid2_cycle4_run5,262866
grid2_cycle5_run5,262866
grid2_cycle1_run6,271938
grid2_cycle2_run6,271938
grid2_cycle3_run6,271938
grid2_cycle4_run6,271938
grid2_cycle5_run6,271938
grid2_cycle1_run7,278160
grid2_cycle2_run7,279282
grid2_cycle3_run7,279282
grid2_cycle4_run7,279282
grid2_cycle5_run7,279282
grid2_cycle1_run8,272148
grid2_cycle2_run8,272148
grid2_cycle3_run8,271506
grid2_cycle4_run8,271506
grid2_cycle5_run8,271506
grid2_cycle1_run9,270642
grid2_cycle2_run9,270642
grid2_cycle3_run9,270642
grid2_cycle4_run9,270642
grid2_cycle5_run9,270642
grid3_cycle1_run0,272154
grid3_cycle2_run0,255954
grid3_cycle3_run0,255954
grid3_cycle4_run0,255954
grid3_cycle5_run0,255954
grid3_cycle1_run1,270204
grid3_cycle2_run1,263508
grid3_cycle3_run1,263508
grid3_cycle4_run1,263508
grid3_cycle5_run1,263508
grid3_cycle1_run2,271494
grid3_cycle2_run2,271290
grid3_cycle3_run2,263946
grid3_cycle4_run2,279282
grid3_cycle5_run2,279282
grid3_cycle1_run3,262434
grid3_cycle2_run3,271722
grid3_cycle3_run3,271722
grid3_cycle4_run3,271722
grid3_cycle5_run3,271722
grid3_cycle1_run4,264378
grid3_cycle2_run4,264378
grid3_cycle3_run4,264378
grid3_cycle4_run4,264378
grid3_cycle5_run4,264378
grid3_cycle1_run5,278202
grid3_cycle2_run5,264366
grid3_cycle3_run5,271506
grid3_cycle4_run5,271506
grid3_cycle5_run5,271506
grid3_cycle1_run6,263076
grid3_cycle2_run6,263076
grid3_cycle3_run6,263298
grid3_cycle4_run6,263298
grid3_cycle5_run6,263298
grid3_cycle1_run7,255510
grid3_cycle2_run7,256602
grid3_cycle3_run7,256602
grid3_cycle4_run7,256602
grid3_cycle5_run7,256602
grid3_cycle1_run8,277764
grid3_cycle2_run8,277764
grid3_cycle3_run8,277764
grid3_cycle4_run8,277764
grid3_cycle5_run8,277764
grid3_cycle1_run9,271284
grid3_cycle2_run9,263070
grid3_cycle3_run9,263070
grid3_cycle4_run9,263070
grid3_cycle5_run9,278196
grid4_cycle1_run0,263286
grid4_cycle2_run0,263514
grid4_cycle3_run0,263514
grid4_cycle4_run0,263514
grid4_cycle5_run0,263514
grid4_cycle1_run1,279498
grid4_cycle2_run1,256170
grid4_cycle3_run1,271938
grid4_cycle4_run1,271938
grid4_cycle5_run1,271938
grid4_cycle1_run2,256596
grid4_cycle2_run2,256596
grid4_cycle3_run2,264378
grid4_cycle4_run2,279066
grid4_cycle5_run2,279066
grid4_cycle1_run3,263508
grid4_cycle2_run3,263946
grid4_cycle3_run3,263946
grid4_cycle4_run3,263946
grid4_cycle5_run3,263946
grid4_cycle1_run4,256602
grid4_cycle2_run4,256602
grid4_cycle3_run4,256602
grid4_cycle4_run4,256602
grid4_cycle5_run4,256602
grid4_cycle1_run5,256602
grid4_cycle2_run5,271506
grid4_cycle3_run5,271506
grid4_cycle4_run5,271506
grid4_cycle5_run5,271506
grid4_cycle1_run6,271722
grid4_cycle2_run6,279498
grid4_cycle3_run6,279498
grid4_cycle4_run6,279498
grid4_cycle5_run6,279498
grid4_cycle1_run7,262866
grid4_cycle2_run7,262866
grid4_cycle3_run7,271074
grid4_cycle4_run7,271074
grid4_cycle5_run7,271074
grid4_cycle1_run8,263076
grid4_cycle2_run8,271932
grid4_cycle3_run8,279714
grid4_cycle4_run8,279714
grid4_cycle5_run8,279714
grid4_cycle1_run9,277764
grid4_cycle2_run9,264162
grid4_cycle3_run9,264162
grid4_cycle4_run9,264162
grid4_cycle5_run9,264162
grid5_cycle1_run0,263724
grid5_cycle2_run0,263724
grid5_cycle3_run0,263724
grid5_cycle4_run0,263724
grid5_cycle5_run0,263724
grid5_cycle1_run1,271278
grid5_cycle2_run1,264378
grid5_cycle3_run1,264378
grid5_cycle4_run1,264378
grid5_cycle5_run1,264378
grid5_cycle1_run2,263508
grid5_cycle2_run2,263508
grid5_cycle3_run2,278628
grid5_cycle4_run2,278628
grid5_cycle5_run2,278628
grid5_cycle1_run3,263946
grid5_cycle2_run3,263946
grid5_cycle3_run3,263946
grid5_cycle4_run3,263946
grid5_cycle5_run3,263946
grid5_cycle1_run4,278844
grid5_cycle2_run4,255090
grid5_cycle3_run4,255090
grid5_cycle4_run4,255090
grid5_cycle5_run4,255090
grid5_cycle1_run5,271938
grid5_cycle2_run5,271938
grid5_cycle3_run5,271938
grid5_cycle4_run5,271938
grid5_cycle5_run5,271938
grid5_cycle1_run6,263730
grid5_cycle2_run6,263730
grid5_cycle3_run6,263730
grid5_cycle4_run6,263730
grid5_cycle5_run6,263730
grid5_cycle1_run7,255948
grid5_cycle2_run7,278850
grid5_cycle3_run7,278850
grid5_cycle4_run7,278850
grid5_cycle5_run7,278850
grid5_cycle1_run8,264378
grid5_cycle2_run8,271722
grid5_cycle3_run8,271722
grid5_cycle4_run8,271722
grid5_cycle5_run8,271722
grid5_cycle1_run9,271938
grid5_cycle2_run9,271938
grid5_cycle3_run9,271938
grid5_cycle4_run9,271938
grid5_cycle5_run9,271938
grid6_cycle1_run0,264162
grid6_cycle2_run0,264162
grid6_cycle3_run0,264162
grid6_cycle4_run0,264162
grid6_cycle5_run0,264162
grid6_cycle1_run1,279264
grid6_cycle2_run1,255306
grid6_cycle3_run1,255306
grid6_cycle4_run1,255306
grid6_cycle5_run1,255306
grid6_cycle1_run2,277974
grid6_cycle2_run2,277974
grid6_cycle3_run2,279918
grid6_cycle4_run2,279918
grid6_cycle5_run2,279918
grid6_cycle1_run3,278406
grid6_cycle2_run3,262434
grid6_cycle3_run3,262434
grid6_cycle4_run3,262434
grid6_cycle5_run3,262434
grid6_cycle1_run4,256386
grid6_cycle2_run4,256386
grid6_cycle3_run4,256386
grid6_cycle4_run4,256386
grid6_cycle5_run4,256386
grid6_cycle1_run5,279282
grid6_cycle2_run5,279282
grid6_cycle3_run5,279282
grid6_cycle4_run5,279282
grid6_cycle5_run5,279282
grid6_cycle1_run6,271938
grid6_cycle2_run6,271938
grid6_cycle3_run6,271938
grid6_cycle4_run6,271938
grid6_cycle5_run6,271938
grid6_cycle1_run7,277548
grid6_cycle2_run7,277770
grid6_cycle3_run7,277770
grid6_cycle4_run7,277770
grid6_cycle5_run7,277770
grid6_cycle1_run8,271284
grid6_cycle2_run8,271284
grid6_cycle3_run8,271284
grid6_cycle4_run8,271284
grid6_cycle5_run8,271284
grid6_cycle1_run9,255294
grid6_cycle2_run9,271932
grid6_cycle3_run9,271932
grid6_cycle4_run9,271932
grid6_cycle5_run9,271932
grid7_cycle1_run0,270414
grid7_cycle2_run0,270414
grid7_cycle3_run0,270414
grid7_cycle4_run0,270414
grid7_cycle5_run0,270414
grid7_cycle1_run1,256590
grid7_cycle2_run1,272154
grid7_cycle3_run1,272154
grid7_cycle4_run1,272154
grid7_cycle5_run1,272154
grid7_cycle1_run2,279054
grid7_cycle2_run2,278634
grid7_cycle3_run2,278634
grid7_cycle4_run2,278634
grid7_cycle5_run2,278634
grid7_cycle1_run3,270426
grid7_cycle2_run3,270426
grid7_cycle3_run3,270426
grid7_cycle4_run3,270426
grid7_cycle5_run3,270426
grid7_cycle1_run4,256386
grid7_cycle2_run4,256386
grid7_cycle3_run4,256386
grid7_cycle4_run4,256386
grid7_cycle5_run4,256386
grid7_cycle1_run5,262830
grid7_cycle2_run5,279276
grid7_cycle3_run5,279276
grid7_cycle4_run5,279276
grid7_cycle5_run5,279276
grid7_cycle1_run6,279702
grid7_cycle2_run6,279714
grid7_cycle3_run6,279714
grid7_cycle4_run6,279714
grid7_cycle5_run6,279714
grid7_cycle1_run7,256368
grid7_cycle2_run7,270210
grid7_cycle3_run7,262650
grid7_cycle4_run7,271290
grid7_cycle5_run7,271290
grid7_cycle1_run8,270636
grid7_cycle2_run8,278634
grid7_cycle3_run8,278634
grid7_cycle4_run8,278634
grid7_cycle5_run8,278634
grid7_cycle1_run9,270636
grid7_cycle2_run9,271278
grid7_cycle3_run9,271278
grid7_cycle4_run9,271278
grid7_cycle5_run9,271278
grid8_cycle1_run0,264366
grid8_cycle2_run0,264366
grid8_cycle3_run0,264366
grid8_cycle4_run0,264366
grid8_cycle5_run0,264366
grid8_cycle1_run1,278400
grid8_cycle2_run1,263082
grid8_cycle3_run1,263082
grid8_cycle4_run1,263082
grid8_cycle5_run1,263082
grid8_cycle1_run2,264330
grid8_cycle2_run2,263874
grid8_cycle3_run2,263874
grid8_cycle4_run2,271248
grid8_cycle5_run2,271704
grid8_cycle1_run3,262866
grid8_cycle2_run3,262866
grid8_cycle3_run3,255522
grid8_cycle4_run3,263298
grid8_cycle5_run3,263298
grid8_cycle1_run4,279066
grid8_cycle2_run4,279066
grid8_cycle3_run4,271722
grid8_cycle4_run4,271722
grid8_cycle5_run4,271722
grid8_cycle1_run5,271938
grid8_cycle2_run5,271938
grid8_cycle3_run5,271938
grid8_cycle4_run5,271938
grid8_cycle5_run5,271068
grid8_cycle1_run6,271500
grid8_cycle2_run6,271500
grid8_cycle3_run6,271500
grid8_cycle4_run6,271500
grid8_cycle5_run6,279060
grid8_cycle1_run7,279888
grid8_cycle2_run7,272112
grid8_cycle3_run7,272112
grid8_cycle4_run7,279060
grid8_cycle5_run7,262218
grid8_cycle1_run8,263724
grid8_cycle2_run8,255522
grid8_cycle3_run8,279066
grid8_cycle4_run8,279066
grid8_cycle5_run8,279066
grid8_cycle1_run9,255738
grid8_cycle2_run9,262218
grid8_cycle3_run9,262218
grid8_cycle4_run9,262218
grid8_cycle5_run9,262218
grid9_cycle1_run0,263220
grid9_cycle2_run0,263004
grid9_cycle3_run0,256602
grid9_cycle4_run0,279714
grid9_cycle5_run0,271722
grid9_cycle1_run1,255948
grid9_cycle2_run1,255948
grid9_cycle3_run1,256386
grid9_cycle4_run1,263298
grid9_cycle5_run1,264378
grid9_cycle1_run2,269694
grid9_cycle2_run2,269694
grid9_cycle3_run2,270570
grid9_cycle4_run2,272154
grid9_cycle5_run2,272154
grid9_cycle1_run3,270102
grid9_cycle2_run3,270102
grid9_cycle3_run3,256530
grid9_cycle4_run3,271494
grid9_cycle5_run3,271506
grid9_cycle1_run4,256380
grid9_cycle2_run4,256380
grid9_cycle3_run4,279930
grid9_cycle4_run4,279930
grid9_cycle5_run4,279930
grid9_cycle1_run5,269562
grid9_cycle2_run5,269562
grid9_cycle3_run5,277722
grid9_cycle4_run5,262434
grid9_cycle5_run5,263724
grid9_cycle1_run6,277758
grid9_cycle2_run6,279066
grid9_cycle3_run6,279066
grid9_cycle4_run6,255738
grid9_cycle5_run6,264378
grid9_cycle1_run7,278808
grid9_cycle2_run7,278808
grid9_cycle3_run7,271470
grid9_cycle4_run7,264162
grid9_cycle5_run7,264162
grid9_cycle1_run8,269508
grid9_cycle2_run8,269508
grid9_cycle3_run8,263472
grid9_cycle4_run8,254658
grid9_cycle5_run8,272154
grid9_cycle1_run9,269526
grid9_cycle2_run9,269526
grid9_cycle3_run9,261774
grid9_cycle4_run9,255954
grid9_cycle5_run9,255954
grid10_cycle1_run0,278814
grid10_cycle2_run0,262854
grid10_cycle3_run0,270636
grid10_cycle4_run0,255306
grid10_cycle5_run0,263508
grid10_cycle1_run1,276462
grid10_cycle2_run1,278382
grid10_cycle3_run1,271716
grid10_cycle4_run1,256380
grid10_cycle5_run1,256380
grid10_cycle1_run2,263658
grid10_cycle2_run2,271500
grid10_cycle3_run2,271500
grid10_cycle4_run2,271074
grid10_cycle5_run2,271074
grid10_cycle1_run3,278166
grid10_cycle2_run3,256164
grid10_cycle3_run3,279714
grid10_cycle4_run3,279714
grid10_cycle5_run3,279714
grid10_cycle1_run4,254610
grid10_cycle2_run4,269994
grid10_cycle3_run4,255090
grid10_cycle4_run4,271290
grid10_cycle5_run4,271290
grid10_cycle1_run5,260658
grid10_cycle2_run5,271290
grid10_cycle3_run5,271290
grid10_cycle4_run5,270210
grid10_cycle5_run5,270210
grid10_cycle1_run6,279498
grid10_cycle2_run6,279498
grid10_cycle3_run6,279498
grid10_cycle4_run6,279498
grid10_cycle5_run6,279498
grid10_cycle1_run7,271932
grid10_cycle2_run7,271932
grid10_cycle3_run7,278634
grid10_cycle4_run7,278634
grid10_cycle5_run7,278634
grid10_cycle1_run8,256344
grid10_cycle2_run8,262860
grid10_cycle3_run8,269994
grid10_cycle4_run8,263946
grid10_cycle5_run8,263946
grid10_cycle1_run9,279030
grid10_cycle2_run9,262860
grid10_cycle3_run9,271710
grid10_cycle4_run9,270852
grid10_cycle5_run9,263946
grid11_cycle1_run0,271242
grid11_cycle2_run0,255294
grid11_cycle3_run0,270858
grid11_cycle4_run0,256602
grid11_cycle5_run0,279066
grid11_cycle1_run1,264360
grid11_cycle2_run1,272148
grid11_cycle3_run1,272148
grid11_cycle4_run1,271500
grid11_cycle5_run1,271500
grid11_cycle1_run2,255084
grid11_cycle2_run2,270204
grid11_cycle3_run2,279492
grid11_cycle4_run2,279492
grid11_cycle5_run2,279924
grid11_cycle1_run3,278418
grid11_cycle2_run3,278418
grid11_cycle3_run3,263298
grid11_cycle4_run3,263514
grid11_cycle5_run3,264378
grid11_cycle1_run4,277944
grid11_cycle2_run4,263298
grid11_cycle3_run4,263946
grid11_cycle4_run4,263946
grid11_cycle5_run4,263946
grid11_cycle1_run5,254658
grid11_cycle2_run5,262434
grid11_cycle3_run5,262434
grid11_cycle4_run5,272154
grid11_cycle5_run5,271290
grid11_cycle1_run6,256386
grid11_cycle2_run6,278850
grid11_cycle3_run6,264162
grid11_cycle4_run6,264162
grid11_cycle5_run6,264162
grid11_cycle1_run7,262002
grid11_cycle2_run7,264162
grid11_cycle3_run7,264162
grid11_cycle4_run7,264162
grid11_cycle5_run7,264162
grid11_cycle1_run8,278370
grid11_cycle2_run8,271470
grid11_cycle3_run8,270198
grid11_cycle4_run8,279486
grid11_cycle5_run8,264162
grid11_cycle1_run9,255090
grid11_cycle2_run9,255090
grid11_cycle3_run9,255090
grid11_cycle4_run9,255090
grid11_cycle5_run9,255090
grid12_cycle1_run0,279930
grid12_cycle2_run0,279930
grid12_cycle3_run0,279930
grid12_cycle4_run0,279930
grid12_cycle5_run0,264162
grid12_cycle1_run1,231726
grid12_cycle2_run1,231726
grid12_cycle3_run1,231726
grid12_cycle4_run1,231726
grid12_cycle5_run1,256602
grid12_cycle1_run2,278328
grid12_cycle2_run2,278328
grid12_cycle3_run2,278808
grid12_cycle4_run2,278808
grid12_cycle5_run2,271926
grid12_cycle1_run3,278184
grid12_cycle2_run3,278184
grid12_cycle3_run3,278184
grid12_cycle4_run3,278184
grid12_cycle5_run3,278418
grid12_cycle1_run4,246444
grid12_cycle2_run4,276414
grid12_cycle3_run4,270348
grid12_cycle4_run4,270348
grid12_cycle5_run4,278202
grid12_cycle1_run5,276240
grid12_cycle2_run5,276240
grid12_cycle3_run5,279060
grid12_cycle4_run5,279060
grid12_cycle5_run5,272154
grid12_cycle1_run6,278412
grid12_cycle2_run6,278412
grid12_cycle3_run6,278412
grid12_cycle4_run6,278412
grid12_cycle5_run6,279924
grid12_cycle1_run7,279270
grid12_cycle2_run7,279270
grid12_cycle3_run7,279270
grid12_cycle4_run7,277770
grid12_cycle5_run7,271506
grid12_cycle1_run8,255732
grid12_cycle2_run8,255732
grid12_cycle3_run8,255732
grid12_cycle4_run8,256602
grid12_cycle5_run8,256602
grid12_cycle1_run9,272142
grid12_cycle2_run9,272142
grid12_cycle3_run9,272142
grid12_cycle4_run9,263298
grid12_cycle5_run9,264378
