,0
grid0_cycle1_run0,0
grid0_cycle2_run0,0
grid0_cycle3_run0,0
grid0_cycle4_run0,44
grid0_cycle5_run0,61
grid0_cycle1_run1,13
grid0_cycle2_run1,23
grid0_cycle3_run1,26
grid0_cycle4_run1,27
grid0_cycle5_run1,81
grid0_cycle1_run2,16
grid0_cycle2_run2,0
grid0_cycle3_run2,13
grid0_cycle4_run2,16
grid0_cycle5_run2,53
grid0_cycle1_run3,7
grid0_cycle2_run3,34
grid0_cycle3_run3,69
grid0_cycle4_run3,65
grid0_cycle5_run3,60
grid0_cycle1_run4,3
grid0_cycle2_run4,61
grid0_cycle3_run4,31
grid0_cycle4_run4,49
grid0_cycle5_run4,44
grid0_cycle1_run5,32
grid0_cycle2_run5,41
grid0_cycle3_run5,56
grid0_cycle4_run5,50
grid0_cycle5_run5,36
grid0_cycle1_run6,9
grid0_cycle2_run6,59
grid0_cycle3_run6,27
grid0_cycle4_run6,52
grid0_cycle5_run6,59
grid0_cycle1_run7,0
grid0_cycle2_run7,0
grid0_cycle3_run7,6
grid0_cycle4_run7,8
grid0_cycle5_run7,28
grid0_cycle1_run8,0
grid0_cycle2_run8,9
grid0_cycle3_run8,8
grid0_cycle4_run8,3
grid0_cycle5_run8,72
grid0_cycle1_run9,15
grid0_cycle2_run9,32
grid0_cycle3_run9,27
grid0_cycle4_run9,33
grid0_cycle5_run9,5
grid1_cycle1_run0,13
grid1_cycle2_run0,28
grid1_cycle3_run0,77
grid1_cycle4_run0,90
grid1_cycle5_run0,51
grid1_cycle1_run1,34
grid1_cycle2_run1,85
grid1_cycle3_run1,88
grid1_cycle4_run1,81
grid1_cycle5_run1,69
grid1_cycle1_run2,32
grid1_cycle2_run2,49
grid1_cycle3_run2,87
grid1_cycle4_run2,71
grid1_cycle5_run2,65
grid1_cycle1_run3,16
grid1_cycle2_run3,39
grid1_cycle3_run3,47
grid1_cycle4_run3,14
grid1_cycle5_run3,16
grid1_cycle1_run4,26
grid1_cycle2_run4,26
grid1_cycle3_run4,43
grid1_cycle4_run4,50
grid1_cycle5_run4,3
grid1_cycle1_run5,40
grid1_cycle2_run5,61
grid1_cycle3_run5,83
grid1_cycle4_run5,77
grid1_cycle5_run5,38
grid1_cycle1_run6,4
grid1_cycle2_run6,42
grid1_cycle3_run6,68
grid1_cycle4_run6,50
grid1_cycle5_run6,27
grid1_cycle1_run7,22
grid1_cycle2_run7,53
grid1_cycle3_run7,73
grid1_cycle4_run7,74
grid1_cycle5_run7,76
grid1_cycle1_run8,23
grid1_cycle2_run8,31
grid1_cycle3_run8,33
grid1_cycle4_run8,45
grid1_cycle5_run8,45
grid1_cycle1_run9,3
grid1_cycle2_run9,35
grid1_cycle3_run9,62
grid1_cycle4_run9,35
grid1_cycle5_run9,57
grid2_cycle1_run0,16
grid2_cycle2_run0,52
grid2_cycle3_run0,64
grid2_cycle4_run0,24
grid2_cycle5_run0,27
grid2_cycle1_run1,51
grid2_cycle2_run1,62
grid2_cycle3_run1,30
grid2_cycle4_run1,30
grid2_cycle5_run1,31
grid2_cycle1_run2,79
grid2_cycle2_run2,69
grid2_cycle3_run2,87
grid2_cycle4_run2,54
grid2_cycle5_run2,60
grid2_cycle1_run3,43
grid2_cycle2_run3,57
grid2_cycle3_run3,51
grid2_cycle4_run3,85
grid2_cycle5_run3,85
grid2_cycle1_run4,58
grid2_cycle2_run4,51
grid2_cycle3_run4,22
grid2_cycle4_run4,29
grid2_cycle5_run4,13
grid2_cycle1_run5,24
grid2_cycle2_run5,70
grid2_cycle3_run5,47
grid2_cycle4_run5,85
grid2_cycle5_run5,85
grid2_cycle1_run6,38
grid2_cycle2_run6,35
grid2_cycle3_run6,36
grid2_cycle4_run6,22
grid2_cycle5_run6,14
grid2_cycle1_run7,43
grid2_cycle2_run7,36
grid2_cycle3_run7,40
grid2_cycle4_run7,13
grid2_cycle5_run7,7
grid2_cycle1_run8,70
grid2_cycle2_run8,19
grid2_cycle3_run8,27
grid2_cycle4_run8,8
grid2_cycle5_run8,32
grid2_cycle1_run9,47
grid2_cycle2_run9,32
grid2_cycle3_run9,17
grid2_cycle4_run9,17
grid2_cycle5_run9,17
grid3_cycle1_run0,68
grid3_cycle2_run0,72
grid3_cycle3_run0,66
grid3_cycle4_run0,27
grid3_cycle5_run0,7
grid3_cycle1_run1,46
grid3_cycle2_run1,31
grid3_cycle3_run1,17
grid3_cycle4_run1,15
grid3_cycle5_run1,3
grid3_cycle1_run2,76
grid3_cycle2_run2,78
grid3_cycle3_run2,86
grid3_cycle4_run2,27
grid3_cycle5_run2,9
grid3_cycle1_run3,31
grid3_cycle2_run3,42
grid3_cycle3_run3,12
grid3_cycle4_run3,10
grid3_cycle5_run3,7
grid3_cycle1_run4,61
grid3_cycle2_run4,27
grid3_cycle3_run4,22
grid3_cycle4_run4,11
grid3_cycle5_run4,4
grid3_cycle1_run5,77
grid3_cycle2_run5,20
grid3_cycle3_run5,12
grid3_cycle4_run5,27
grid3_cycle5_run5,8
grid3_cycle1_run6,47
grid3_cycle2_run6,2
grid3_cycle3_run6,6
grid3_cycle4_run6,5
grid3_cycle5_run6,5
grid3_cycle1_run7,26
grid3_cycle2_run7,26
grid3_cycle3_run7,19
grid3_cycle4_run7,14
grid3_cycle5_run7,8
grid3_cycle1_run8,26
grid3_cycle2_run8,6
grid3_cycle3_run8,16
grid3_cycle4_run8,2
grid3_cycle5_run8,1
grid3_cycle1_run9,48
grid3_cycle2_run9,36
grid3_cycle3_run9,23
grid3_cycle4_run9,8
grid3_cycle5_run9,13
grid4_cycle1_run0,9
grid4_cycle2_run0,7
grid4_cycle3_run0,3
grid4_cycle4_run0,7
grid4_cycle5_run0,0
grid4_cycle1_run1,11
grid4_cycle2_run1,2
grid4_cycle3_run1,2
grid4_cycle4_run1,0
grid4_cycle5_run1,4
grid4_cycle1_run2,11
grid4_cycle2_run2,6
grid4_cycle3_run2,0
grid4_cycle4_run2,0
grid4_cycle5_run2,6
grid4_cycle1_run3,49
grid4_cycle2_run3,9
grid4_cycle3_run3,2
grid4_cycle4_run3,3
grid4_cycle5_run3,3
grid4_cycle1_run4,38
grid4_cycle2_run4,21
grid4_cycle3_run4,0
grid4_cycle4_run4,8
grid4_cycle5_run4,0
grid4_cycle1_run5,7
grid4_cycle2_run5,15
grid4_cycle3_run5,6
grid4_cycle4_run5,5
grid4_cycle5_run5,6
grid4_cycle1_run6,5
grid4_cycle2_run6,16
grid4_cycle3_run6,3
grid4_cycle4_run6,7
grid4_cycle5_run6,0
grid4_cycle1_run7,32
grid4_cycle2_run7,1
grid4_cycle3_run7,12
grid4_cycle4_run7,2
grid4_cycle5_run7,0
grid4_cycle1_run8,42
grid4_cycle2_run8,6
grid4_cycle3_run8,3
grid4_cycle4_run8,5
grid4_cycle5_run8,0
grid4_cycle1_run9,15
grid4_cycle2_run9,0
grid4_cycle3_run9,8
grid4_cycle4_run9,6
grid4_cycle5_run9,2
grid5_cycle1_run0,59
grid5_cycle2_run0,10
grid5_cycle3_run0,2
grid5_cycle4_run0,10
grid5_cycle5_run0,4
grid5_cycle1_run1,25
grid5_cycle2_run1,8
grid5_cycle3_run1,7
grid5_cycle4_run1,12
grid5_cycle5_run1,6
grid5_cycle1_run2,6
grid5_cycle2_run2,17
grid5_cycle3_run2,9
grid5_cycle4_run2,15
grid5_cycle5_run2,11
grid5_cycle1_run3,55
grid5_cycle2_run3,16
grid5_cycle3_run3,4
grid5_cycle4_run3,2
grid5_cycle5_run3,6
grid5_cycle1_run4,2
grid5_cycle2_run4,8
grid5_cycle3_run4,13
grid5_cycle4_run4,10
grid5_cycle5_run4,13
grid5_cycle1_run5,17
grid5_cycle2_run5,8
grid5_cycle3_run5,1
grid5_cycle4_run5,4
grid5_cycle5_run5,0
grid5_cycle1_run6,41
grid5_cycle2_run6,7
grid5_cycle3_run6,19
grid5_cycle4_run6,20
grid5_cycle5_run6,14
grid5_cycle1_run7,50
grid5_cycle2_run7,62
grid5_cycle3_run7,31
grid5_cycle4_run7,50
grid5_cycle5_run7,51
grid5_cycle1_run8,54
grid5_cycle2_run8,54
grid5_cycle3_run8,51
grid5_cycle4_run8,59
grid5_cycle5_run8,2
grid5_cycle1_run9,15
grid5_cycle2_run9,7
grid5_cycle3_run9,23
grid5_cycle4_run9,9
grid5_cycle5_run9,15
grid6_cycle1_run0,35
grid6_cycle2_run0,58
grid6_cycle3_run0,31
grid6_cycle4_run0,35
grid6_cycle5_run0,20
grid6_cycle1_run1,44
grid6_cycle2_run1,43
grid6_cycle3_run1,51
grid6_cycle4_run1,39
grid6_cycle5_run1,49
grid6_cycle1_run2,50
grid6_cycle2_run2,14
grid6_cycle3_run2,36
grid6_cycle4_run2,14
grid6_cycle5_run2,13
grid6_cycle1_run3,38
grid6_cycle2_run3,34
grid6_cycle3_run3,13
grid6_cycle4_run3,18
grid6_cycle5_run3,11
grid6_cycle1_run4,70
grid6_cycle2_run4,63
grid6_cycle3_run4,31
grid6_cycle4_run4,33
grid6_cycle5_run4,19
grid6_cycle1_run5,28
grid6_cycle2_run5,27
grid6_cycle3_run5,35
grid6_cycle4_run5,5
grid6_cycle5_run5,14
grid6_cycle1_run6,54
grid6_cycle2_run6,47
grid6_cycle3_run6,49
grid6_cycle4_run6,23
grid6_cycle5_run6,42
grid6_cycle1_run7,47
grid6_cycle2_run7,22
grid6_cycle3_run7,22
grid6_cycle4_run7,22
grid6_cycle5_run7,24
grid6_cycle1_run8,55
grid6_cycle2_run8,59
grid6_cycle3_run8,48
grid6_cycle4_run8,0
grid6_cycle5_run8,4
grid6_cycle1_run9,38
grid6_cycle2_run9,77
grid6_cycle3_run9,66
grid6_cycle4_run9,76
grid6_cycle5_run9,70
grid7_cycle1_run0,25
grid7_cycle2_run0,72
grid7_cycle3_run0,49
grid7_cycle4_run0,59
grid7_cycle5_run0,59
grid7_cycle1_run1,50
grid7_cycle2_run1,77
grid7_cycle3_run1,86
grid7_cycle4_run1,74
grid7_cycle5_run1,77
grid7_cycle1_run2,33
grid7_cycle2_run2,79
grid7_cycle3_run2,51
grid7_cycle4_run2,73
grid7_cycle5_run2,54
grid7_cycle1_run3,47
grid7_cycle2_run3,36
grid7_cycle3_run3,45
grid7_cycle4_run3,51
grid7_cycle5_run3,59
grid7_cycle1_run4,62
grid7_cycle2_run4,62
grid7_cycle3_run4,66
grid7_cycle4_run4,54
grid7_cycle5_run4,62
grid7_cycle1_run5,21
grid7_cycle2_run5,46
grid7_cycle3_run5,44
grid7_cycle4_run5,48
grid7_cycle5_run5,44
grid7_cycle1_run6,46
grid7_cycle2_run6,72
grid7_cycle3_run6,51
grid7_cycle4_run6,57
grid7_cycle5_run6,57
grid7_cycle1_run7,22
grid7_cycle2_run7,29
grid7_cycle3_run7,62
grid7_cycle4_run7,63
grid7_cycle5_run7,70
grid7_cycle1_run8,54
grid7_cycle2_run8,27
grid7_cycle3_run8,54
grid7_cycle4_run8,76
grid7_cycle5_run8,76
grid7_cycle1_run9,52
grid7_cycle2_run9,54
grid7_cycle3_run9,59
grid7_cycle4_run9,54
grid7_cycle5_run9,76
grid8_cycle1_run0,12
grid8_cycle2_run0,78
grid8_cycle3_run0,72
grid8_cycle4_run0,81
grid8_cycle5_run0,74
grid8_cycle1_run1,12
grid8_cycle2_run1,80
grid8_cycle3_run1,69
grid8_cycle4_run1,83
grid8_cycle5_run1,54
grid8_cycle1_run2,16
grid8_cycle2_run2,23
grid8_cycle3_run2,13
grid8_cycle4_run2,18
grid8_cycle5_run2,23
grid8_cycle1_run3,20
grid8_cycle2_run3,41
grid8_cycle3_run3,58
grid8_cycle4_run3,46
grid8_cycle5_run3,69
grid8_cycle1_run4,50
grid8_cycle2_run4,57
grid8_cycle3_run4,76
grid8_cycle4_run4,79
grid8_cycle5_run4,64
grid8_cycle1_run5,43
grid8_cycle2_run5,36
grid8_cycle3_run5,49
grid8_cycle4_run5,51
grid8_cycle5_run5,62
grid8_cycle1_run6,20
grid8_cycle2_run6,29
grid8_cycle3_run6,26
grid8_cycle4_run6,28
grid8_cycle5_run6,41
grid8_cycle1_run7,24
grid8_cycle2_run7,31
grid8_cycle3_run7,13
grid8_cycle4_run7,34
grid8_cycle5_run7,50
grid8_cycle1_run8,36
grid8_cycle2_run8,77
grid8_cycle3_run8,88
grid8_cycle4_run8,85
grid8_cycle5_run8,85
grid8_cycle1_run9,38
grid8_cycle2_run9,50
grid8_cycle3_run9,45
grid8_cycle4_run9,65
grid8_cycle5_run9,64
grid9_cycle1_run0,28
grid9_cycle2_run0,29
grid9_cycle3_run0,40
grid9_cycle4_run0,29
grid9_cycle5_run0,6
grid9_cycle1_run1,51
grid9_cycle2_run1,78
grid9_cycle3_run1,83
grid9_cycle4_run1,86
grid9_cycle5_run1,30
grid9_cycle1_run2,0
grid9_cycle2_run2,0
grid9_cycle3_run2,12
grid9_cycle4_run2,25
grid9_cycle5_run2,2
grid9_cycle1_run3,3
grid9_cycle2_run3,12
grid9_cycle3_run3,27
grid9_cycle4_run3,5
grid9_cycle5_run3,8
grid9_cycle1_run4,7
grid9_cycle2_run4,60
grid9_cycle3_run4,50
grid9_cycle4_run4,85
grid9_cycle5_run4,3
grid9_cycle1_run5,0
grid9_cycle2_run5,0
grid9_cycle3_run5,14
grid9_cycle4_run5,37
grid9_cycle5_run5,15
grid9_cycle1_run6,2
grid9_cycle2_run6,33
grid9_cycle3_run6,54
grid9_cycle4_run6,85
grid9_cycle5_run6,12
grid9_cycle1_run7,10
grid9_cycle2_run7,27
grid9_cycle3_run7,24
grid9_cycle4_run7,25
grid9_cycle5_run7,6
grid9_cycle1_run8,0
grid9_cycle2_run8,0
grid9_cycle3_run8,19
grid9_cycle4_run8,30
grid9_cycle5_run8,8
grid9_cycle1_run9,0
grid9_cycle2_run9,0
grid9_cycle3_run9,12
grid9_cycle4_run9,66
grid9_cycle5_run9,2
grid10_cycle1_run0,26
grid10_cycle2_run0,23
grid10_cycle3_run0,54
grid10_cycle4_run0,6
grid10_cycle5_run0,10
grid10_cycle1_run1,9
grid10_cycle2_run1,31
grid10_cycle3_run1,24
grid10_cycle4_run1,9
grid10_cycle5_run1,8
grid10_cycle1_run2,16
grid10_cycle2_run2,24
grid10_cycle3_run2,42
grid10_cycle4_run2,8
grid10_cycle5_run2,0
grid10_cycle1_run3,24
grid10_cycle2_run3,67
grid10_cycle3_run3,57
grid10_cycle4_run3,12
grid10_cycle5_run3,4
grid10_cycle1_run4,0
grid10_cycle2_run4,59
grid10_cycle3_run4,55
grid10_cycle4_run4,5
grid10_cycle5_run4,0
grid10_cycle1_run5,2
grid10_cycle2_run5,72
grid10_cycle3_run5,21
grid10_cycle4_run5,0
grid10_cycle5_run5,7
grid10_cycle1_run6,47
grid10_cycle2_run6,76
grid10_cycle3_run6,36
grid10_cycle4_run6,12
grid10_cycle5_run6,3
grid10_cycle1_run7,34
grid10_cycle2_run7,69
grid10_cycle3_run7,29
grid10_cycle4_run7,12
grid10_cycle5_run7,2
grid10_cycle1_run8,16
grid10_cycle2_run8,46
grid10_cycle3_run8,20
grid10_cycle4_run8,2
grid10_cycle5_run8,2
grid10_cycle1_run9,4
grid10_cycle2_run9,74
grid10_cycle3_run9,28
grid10_cycle4_run9,13
grid10_cycle5_run9,10
grid11_cycle1_run0,30
grid11_cycle2_run0,10
grid11_cycle3_run0,8
grid11_cycle4_run0,5
grid11_cycle5_run0,2
grid11_cycle1_run1,72
grid11_cycle2_run1,15
grid11_cycle3_run1,6
grid11_cycle4_run1,3
grid11_cycle5_run1,5
grid11_cycle1_run2,51
grid11_cycle2_run2,14
grid11_cycle3_run2,6
grid11_cycle4_run2,11
grid11_cycle5_run2,6
grid11_cycle1_run3,39
grid11_cycle2_run3,16
grid11_cycle3_run3,3
grid11_cycle4_run3,10
grid11_cycle5_run3,6
grid11_cycle1_run4,21
grid11_cycle2_run4,52
grid11_cycle3_run4,17
grid11_cycle4_run4,10
grid11_cycle5_run4,1
grid11_cycle1_run5,81
grid11_cycle2_run5,85
grid11_cycle3_run5,16
grid11_cycle4_run5,12
grid11_cycle5_run5,7
grid11_cycle1_run6,64
grid11_cycle2_run6,81
grid11_cycle3_run6,0
grid11_cycle4_run6,13
grid11_cycle5_run6,5
grid11_cycle1_run7,27
grid11_cycle2_run7,79
grid11_cycle3_run7,67
grid11_cycle4_run7,6
grid11_cycle5_run7,6
grid11_cycle1_run8,9
grid11_cycle2_run8,22
grid11_cycle3_run8,2
grid11_cycle4_run8,3
grid11_cycle5_run8,5
grid11_cycle1_run9,55
grid11_cycle2_run9,85
grid11_cycle3_run9,6
grid11_cycle4_run9,0
grid11_cycle5_run9,3
grid12_cycle1_run0,9
grid12_cycle2_run0,25
grid12_cycle3_run0,30
grid12_cycle4_run0,40
grid12_cycle5_run0,59
grid12_cycle1_run1,0
grid12_cycle2_run1,17
grid12_cycle3_run1,18
grid12_cycle4_run1,0
grid12_cycle5_run1,11
grid12_cycle1_run2,5
grid12_cycle2_run2,12
grid12_cycle3_run2,22
grid12_cycle4_run2,23
grid12_cycle5_run2,18
grid12_cycle1_run3,9
grid12_cycle2_run3,50
grid12_cycle3_run3,6
grid12_cycle4_run3,17
grid12_cycle5_run3,12
grid12_cycle1_run4,0
grid12_cycle2_run4,6
grid12_cycle3_run4,12
grid12_cycle4_run4,12
grid12_cycle5_run4,25
grid12_cycle1_run5,0
grid12_cycle2_run5,19
grid12_cycle3_run5,25
grid12_cycle4_run5,25
grid12_cycle5_run5,21
grid12_cycle1_run6,0
grid12_cycle2_run6,42
grid12_cycle3_run6,15
grid12_cycle4_run6,18
grid12_cycle5_run6,19
grid12_cycle1_run7,11
grid12_cycle2_run7,5
grid12_cycle3_run7,20
grid12_cycle4_run7,53
grid12_cycle5_run7,46
grid12_cycle1_run8,0
grid12_cycle2_run8,10
grid12_cycle3_run8,25
grid12_cycle4_run8,54
grid12_cycle5_run8,20
grid12_cycle1_run9,3
grid12_cycle2_run9,25
grid12_cycle3_run9,52
grid12_cycle4_run9,71
grid12_cycle5_run9,25
