,0
grid0_cycle1_run0,2
grid0_cycle2_run0,7
grid0_cycle3_run0,23
grid0_cycle4_run0,45
grid0_cycle5_run0,59
grid0_cycle1_run1,8
grid0_cycle2_run1,8
grid0_cycle3_run1,58
grid0_cycle4_run1,75
grid0_cycle5_run1,27
grid0_cycle1_run2,18
grid0_cycle2_run2,49
grid0_cycle3_run2,51
grid0_cycle4_run2,76
grid0_cycle5_run2,76
grid0_cycle1_run3,5
grid0_cycle2_run3,24
grid0_cycle3_run3,83
grid0_cycle4_run3,85
grid0_cycle5_run3,46
grid0_cycle1_run4,43
grid0_cycle2_run4,46
grid0_cycle3_run4,53
grid0_cycle4_run4,67
grid0_cycle5_run4,66
grid0_cycle1_run5,56
grid0_cycle2_run5,57
grid0_cycle3_run5,57
grid0_cycle4_run5,85
grid0_cycle5_run5,84
grid0_cycle1_run6,45
grid0_cycle2_run6,43
grid0_cycle3_run6,49
grid0_cycle4_run6,55
grid0_cycle5_run6,62
grid0_cycle1_run7,22
grid0_cycle2_run7,73
grid0_cycle3_run7,58
grid0_cycle4_run7,85
grid0_cycle5_run7,85
grid0_cycle1_run8,56
grid0_cycle2_run8,85
grid0_cycle3_run8,68
grid0_cycle4_run8,48
grid0_cycle5_run8,55
grid0_cycle1_run9,12
grid0_cycle2_run9,61
grid0_cycle3_run9,69
grid0_cycle4_run9,79
grid0_cycle5_run9,81
grid0_cycle1_run10,44
grid0_cycle2_run10,68
grid0_cycle3_run10,58
grid0_cycle4_run10,8
grid0_cycle5_run10,69
grid0_cycle1_run11,83
grid0_cycle2_run11,62
grid0_cycle3_run11,45
grid0_cycle4_run11,43
grid0_cycle5_run11,24
grid0_cycle1_run12,14
grid0_cycle2_run12,25
grid0_cycle3_run12,22
grid0_cycle4_run12,30
grid0_cycle5_run12,60
grid0_cycle1_run13,68
grid0_cycle2_run13,89
grid0_cycle3_run13,87
grid0_cycle4_run13,76
grid0_cycle5_run13,62
grid0_cycle1_run14,33
grid0_cycle2_run14,66
grid0_cycle3_run14,54
grid0_cycle4_run14,70
grid0_cycle5_run14,81
grid0_cycle1_run15,48
grid0_cycle2_run15,66
grid0_cycle3_run15,58
grid0_cycle4_run15,74
grid0_cycle5_run15,76
grid0_cycle1_run16,13
grid0_cycle2_run16,29
grid0_cycle3_run16,46
grid0_cycle4_run16,50
grid0_cycle5_run16,54
grid0_cycle1_run17,27
grid0_cycle2_run17,48
grid0_cycle3_run17,55
grid0_cycle4_run17,58
grid0_cycle5_run17,48
grid0_cycle1_run18,10
grid0_cycle2_run18,15
grid0_cycle3_run18,19
grid0_cycle4_run18,41
grid0_cycle5_run18,51
grid0_cycle1_run19,27
grid0_cycle2_run19,40
grid0_cycle3_run19,71
grid0_cycle4_run19,64
grid0_cycle5_run19,45
grid0_cycle1_run20,21
grid0_cycle2_run20,32
grid0_cycle3_run20,53
grid0_cycle4_run20,38
grid0_cycle5_run20,59
grid0_cycle1_run21,6
grid0_cycle2_run21,42
grid0_cycle3_run21,67
grid0_cycle4_run21,47
grid0_cycle5_run21,81
grid0_cycle1_run22,44
grid0_cycle2_run22,39
grid0_cycle3_run22,55
grid0_cycle4_run22,49
grid0_cycle5_run22,63
grid0_cycle1_run23,38
grid0_cycle2_run23,18
grid0_cycle3_run23,37
grid0_cycle4_run23,10
grid0_cycle5_run23,48
grid0_cycle1_run24,3
grid0_cycle2_run24,29
grid0_cycle3_run24,41
grid0_cycle4_run24,60
grid0_cycle5_run24,61
grid0_cycle1_run25,47
grid0_cycle2_run25,33
grid0_cycle3_run25,71
grid0_cycle4_run25,85
grid0_cycle5_run25,85
grid0_cycle1_run26,20
grid0_cycle2_run26,37
grid0_cycle3_run26,71
grid0_cycle4_run26,15
grid0_cycle5_run26,47
grid0_cycle1_run27,49
grid0_cycle2_run27,34
grid0_cycle3_run27,58
grid0_cycle4_run27,59
grid0_cycle5_run27,47
grid0_cycle1_run28,30
grid0_cycle2_run28,48
grid0_cycle3_run28,58
grid0_cycle4_run28,77
grid0_cycle5_run28,90
grid0_cycle1_run29,50
grid0_cycle2_run29,53
grid0_cycle3_run29,60
grid0_cycle4_run29,79
grid0_cycle5_run29,36
grid1_cycle1_run0,29
grid1_cycle2_run0,47
grid1_cycle3_run0,50
grid1_cycle4_run0,71
grid1_cycle5_run0,52
grid1_cycle1_run1,24
grid1_cycle2_run1,47
grid1_cycle3_run1,32
grid1_cycle4_run1,17
grid1_cycle5_run1,32
grid1_cycle1_run2,27
grid1_cycle2_run2,41
grid1_cycle3_run2,43
grid1_cycle4_run2,29
grid1_cycle5_run2,32
grid1_cycle1_run3,69
grid1_cycle2_run3,75
grid1_cycle3_run3,18
grid1_cycle4_run3,57
grid1_cycle5_run3,55
grid1_cycle1_run4,18
grid1_cycle2_run4,26
grid1_cycle3_run4,3
grid1_cycle4_run4,37
grid1_cycle5_run4,36
grid1_cycle1_run5,23
grid1_cycle2_run5,14
grid1_cycle3_run5,25
grid1_cycle4_run5,26
grid1_cycle5_run5,38
grid1_cycle1_run6,33
grid1_cycle2_run6,93
grid1_cycle3_run6,76
grid1_cycle4_run6,77
grid1_cycle5_run6,75
grid1_cycle1_run7,47
grid1_cycle2_run7,53
grid1_cycle3_run7,42
grid1_cycle4_run7,54
grid1_cycle5_run7,12
grid1_cycle1_run8,19
grid1_cycle2_run8,25
grid1_cycle3_run8,4
grid1_cycle4_run8,24
grid1_cycle5_run8,51
grid1_cycle1_run9,66
grid1_cycle2_run9,46
grid1_cycle3_run9,82
grid1_cycle4_run9,65
grid1_cycle5_run9,41
grid1_cycle1_run10,70
grid1_cycle2_run10,79
grid1_cycle3_run10,66
grid1_cycle4_run10,78
grid1_cycle5_run10,78
grid1_cycle1_run11,56
grid1_cycle2_run11,86
grid1_cycle3_run11,69
grid1_cycle4_run11,64
grid1_cycle5_run11,33
grid1_cycle1_run12,81
grid1_cycle2_run12,62
grid1_cycle3_run12,70
grid1_cycle4_run12,86
grid1_cycle5_run12,70
grid1_cycle1_run13,38
grid1_cycle2_run13,56
grid1_cycle3_run13,10
grid1_cycle4_run13,40
grid1_cycle5_run13,15
grid1_cycle1_run14,51
grid1_cycle2_run14,47
grid1_cycle3_run14,34
grid1_cycle4_run14,77
grid1_cycle5_run14,62
grid1_cycle1_run15,47
grid1_cycle2_run15,53
grid1_cycle3_run15,63
grid1_cycle4_run15,56
grid1_cycle5_run15,42
grid1_cycle1_run16,22
grid1_cycle2_run16,52
grid1_cycle3_run16,49
grid1_cycle4_run16,36
grid1_cycle5_run16,67
grid1_cycle1_run17,61
grid1_cycle2_run17,73
grid1_cycle3_run17,63
grid1_cycle4_run17,75
grid1_cycle5_run17,40
grid1_cycle1_run18,51
grid1_cycle2_run18,61
grid1_cycle3_run18,74
grid1_cycle4_run18,57
grid1_cycle5_run18,68
grid1_cycle1_run19,50
grid1_cycle2_run19,61
grid1_cycle3_run19,63
grid1_cycle4_run19,63
grid1_cycle5_run19,71
grid1_cycle1_run20,82
grid1_cycle2_run20,50
grid1_cycle3_run20,64
grid1_cycle4_run20,89
grid1_cycle5_run20,89
grid1_cycle1_run21,55
grid1_cycle2_run21,53
grid1_cycle3_run21,41
grid1_cycle4_run21,50
grid1_cycle5_run21,47
grid1_cycle1_run22,63
grid1_cycle2_run22,86
grid1_cycle3_run22,80
grid1_cycle4_run22,82
grid1_cycle5_run22,73
grid1_cycle1_run23,51
grid1_cycle2_run23,58
grid1_cycle3_run23,56
grid1_cycle4_run23,54
grid1_cycle5_run23,54
grid1_cycle1_run24,58
grid1_cycle2_run24,47
grid1_cycle3_run24,74
grid1_cycle4_run24,73
grid1_cycle5_run24,68
grid1_cycle1_run25,51
grid1_cycle2_run25,51
grid1_cycle3_run25,49
grid1_cycle4_run25,48
grid1_cycle5_run25,38
grid1_cycle1_run26,74
grid1_cycle2_run26,66
grid1_cycle3_run26,76
grid1_cycle4_run26,57
grid1_cycle5_run26,60
grid1_cycle1_run27,85
grid1_cycle2_run27,85
grid1_cycle3_run27,85
grid1_cycle4_run27,66
grid1_cycle5_run27,45
grid1_cycle1_run28,64
grid1_cycle2_run28,66
grid1_cycle3_run28,66
grid1_cycle4_run28,41
grid1_cycle5_run28,40
grid1_cycle1_run29,84
grid1_cycle2_run29,80
grid1_cycle3_run29,65
grid1_cycle4_run29,54
grid1_cycle5_run29,67
grid2_cycle1_run0,4
grid2_cycle2_run0,9
grid2_cycle3_run0,19
grid2_cycle4_run0,27
grid2_cycle5_run0,25
grid2_cycle1_run1,0
grid2_cycle2_run1,9
grid2_cycle3_run1,35
grid2_cycle4_run1,54
grid2_cycle5_run1,58
grid2_cycle1_run2,22
grid2_cycle2_run2,30
grid2_cycle3_run2,44
grid2_cycle4_run2,58
grid2_cycle5_run2,12
grid2_cycle1_run3,18
grid2_cycle2_run3,20
grid2_cycle3_run3,64
grid2_cycle4_run3,45
grid2_cycle5_run3,77
grid2_cycle1_run4,2
grid2_cycle2_run4,4
grid2_cycle3_run4,33
grid2_cycle4_run4,32
grid2_cycle5_run4,52
grid2_cycle1_run5,0
grid2_cycle2_run5,3
grid2_cycle3_run5,22
grid2_cycle4_run5,39
grid2_cycle5_run5,40
grid2_cycle1_run6,8
grid2_cycle2_run6,21
grid2_cycle3_run6,49
grid2_cycle4_run6,69
grid2_cycle5_run6,70
grid2_cycle1_run7,8
grid2_cycle2_run7,54
grid2_cycle3_run7,48
grid2_cycle4_run7,69
grid2_cycle5_run7,75
grid2_cycle1_run8,4
grid2_cycle2_run8,10
grid2_cycle3_run8,16
grid2_cycle4_run8,63
grid2_cycle5_run8,77
grid2_cycle1_run9,15
grid2_cycle2_run9,31
grid2_cycle3_run9,76
grid2_cycle4_run9,78
grid2_cycle5_run9,44
grid2_cycle1_run10,0
grid2_cycle2_run10,0
grid2_cycle3_run10,63
grid2_cycle4_run10,70
grid2_cycle5_run10,31
grid2_cycle1_run11,11
grid2_cycle2_run11,17
grid2_cycle3_run11,49
grid2_cycle4_run11,56
grid2_cycle5_run11,65
grid2_cycle1_run12,36
grid2_cycle2_run12,22
grid2_cycle3_run12,42
grid2_cycle4_run12,48
grid2_cycle5_run12,34
grid2_cycle1_run13,0
grid2_cycle2_run13,30
grid2_cycle3_run13,0
grid2_cycle4_run13,62
grid2_cycle5_run13,49
grid2_cycle1_run14,8
grid2_cycle2_run14,47
grid2_cycle3_run14,54
grid2_cycle4_run14,85
grid2_cycle5_run14,88
grid2_cycle1_run15,24
grid2_cycle2_run15,45
grid2_cycle3_run15,45
grid2_cycle4_run15,82
grid2_cycle5_run15,74
grid2_cycle1_run16,8
grid2_cycle2_run16,40
grid2_cycle3_run16,62
grid2_cycle4_run16,69
grid2_cycle5_run16,84
grid2_cycle1_run17,16
grid2_cycle2_run17,46
grid2_cycle3_run17,37
grid2_cycle4_run17,57
grid2_cycle5_run17,68
grid2_cycle1_run18,13
grid2_cycle2_run18,4
grid2_cycle3_run18,39
grid2_cycle4_run18,18
grid2_cycle5_run18,62
grid2_cycle1_run19,37
grid2_cycle2_run19,22
grid2_cycle3_run19,26
grid2_cycle4_run19,62
grid2_cycle5_run19,51
grid2_cycle1_run20,0
grid2_cycle2_run20,0
grid2_cycle3_run20,20
grid2_cycle4_run20,22
grid2_cycle5_run20,51
grid2_cycle1_run21,45
grid2_cycle2_run21,27
grid2_cycle3_run21,42
grid2_cycle4_run21,86
grid2_cycle5_run21,88
grid2_cycle1_run22,18
grid2_cycle2_run22,42
grid2_cycle3_run22,35
grid2_cycle4_run22,46
grid2_cycle5_run22,47
grid2_cycle1_run23,24
grid2_cycle2_run23,15
grid2_cycle3_run23,64
grid2_cycle4_run23,82
grid2_cycle5_run23,76
grid2_cycle1_run24,11
grid2_cycle2_run24,25
grid2_cycle3_run24,53
grid2_cycle4_run24,52
grid2_cycle5_run24,47
grid2_cycle1_run25,7
grid2_cycle2_run25,27
grid2_cycle3_run25,37
grid2_cycle4_run25,54
grid2_cycle5_run25,50
grid2_cycle1_run26,26
grid2_cycle2_run26,28
grid2_cycle3_run26,18
grid2_cycle4_run26,27
grid2_cycle5_run26,51
grid2_cycle1_run27,2
grid2_cycle2_run27,8
grid2_cycle3_run27,68
grid2_cycle4_run27,66
grid2_cycle5_run27,52
grid2_cycle1_run28,19
grid2_cycle2_run28,24
grid2_cycle3_run28,50
grid2_cycle4_run28,49
grid2_cycle5_run28,51
grid2_cycle1_run29,0
grid2_cycle2_run29,6
grid2_cycle3_run29,24
grid2_cycle4_run29,85
grid2_cycle5_run29,54
